instant,dteday,season,yr,mnth,holiday,weekday,workingday,weathersit,temp,atemp,hum,windspeed,casual,registered,cnt,cluster,PCA1,PCA2,Anom-KMeans,Anom-Isol
1,2011-01-01,1,0,1,False,6,False,2,0.344167,0.363625,0.805833,0.160446,331,654,985,0,1.6349939809844563,1.2772078593376874,0,0
2,2011-02-01,1,0,1,False,0,False,2,0.363478,0.353739,0.696087,0.248539,131,670,801,0,1.9255805172429326,0.9549705389691394,0,0
3,2011-03-01,1,0,1,False,1,True,1,0.196364,0.189405,0.437273,0.248309,120,1229,1349,0,2.100917348567897,-0.5153455123686395,0,0
4,2011-04-01,1,0,1,False,2,True,1,0.2,0.212122,0.590435,0.160296,108,1454,1562,0,1.7730368984950884,-0.009803308835976288,0,0
5,2011-05-01,1,0,1,False,3,True,1,0.226957,0.22927,0.436957,0.1869,82,1518,1600,0,1.8761265731666779,-0.5233205733161977,0,0
6,2011-06-01,1,0,1,False,4,True,1,0.204348,0.233209,0.518261,0.0895652,88,1518,1606,0,1.6406769548144333,-0.178501836459074,0,0
7,2011-07-01,1,0,1,False,5,True,2,0.196522,0.208839,0.498696,0.168726,148,1362,1510,0,1.9133996791851877,0.415733594117296,0,0
8,2011-08-01,1,0,1,False,6,False,2,0.165,0.162254,0.535833,0.266804,68,891,959,0,2.2850818369934234,0.44872130133562355,1,1
9,2011-09-01,1,0,1,False,0,False,1,0.138333,0.116175,0.434167,0.36195,54,768,822,0,2.5745307449616095,-0.5813415632686245,1,1
10,2011-10-01,1,0,1,False,1,True,1,0.150833,0.150888,0.482917,0.223267,41,1280,1321,0,2.0865000840520915,-0.3278422467440948,0,0
11,2011-11-01,1,0,1,False,2,True,2,0.169091,0.191464,0.686364,0.122132,43,1220,1263,0,1.7892537213789652,1.1091721470170421,0,0
12,2011-12-01,1,0,1,False,3,True,1,0.172727,0.160473,0.599545,0.304627,25,1137,1162,0,2.175370104370189,-0.09287773090530244,0,1
13,2011-01-13,1,0,1,False,4,True,1,0.165,0.150883,0.470417,0.301,38,1368,1406,0,2.2144891967583096,-0.5125730678461522,0,0
14,2011-01-14,1,0,1,False,5,True,1,0.16087,0.188413,0.537826,0.126548,54,1367,1421,0,1.7930826489053644,-0.13139510335149,0,0
15,2011-01-15,1,0,1,False,6,False,2,0.233333,0.248112,0.49875,0.157963,222,1026,1248,0,1.9316271118619361,0.39147155631036595,0,0
16,2011-01-16,1,0,1,False,0,False,1,0.231667,0.234217,0.48375,0.188433,251,953,1204,0,1.9784255894013472,-0.33467497147719716,0,0
17,2011-01-17,1,0,1,True,1,False,2,0.175833,0.176771,0.5375,0.194017,117,883,1000,0,2.2572977645371295,0.5758909832182942,1,1
18,2011-01-18,1,0,1,False,2,True,2,0.216667,0.232333,0.861667,0.146775,9,674,683,0,1.75870483476501,1.6543328552537768,1,0
19,2011-01-19,1,0,1,False,3,True,2,0.292174,0.298422,0.741739,0.208317,78,1572,1650,0,1.705568255921922,1.0513159199353408,0,0
20,2011-01-20,1,0,1,False,4,True,2,0.261667,0.25505,0.538333,0.195904,83,1844,1927,0,1.797796377339039,0.428916128502775,0,0
21,2011-01-21,1,0,1,False,5,True,1,0.1775,0.157833,0.457083,0.353242,75,1468,1543,0,2.2922222837914377,-0.6492358788859434,0,1
22,2011-01-22,1,0,1,False,6,False,1,0.0591304,0.0790696,0.4,0.17197,93,888,981,0,2.238489130579265,-0.5366763837514643,0,0
23,2011-01-23,1,0,1,False,0,False,1,0.0965217,0.0988391,0.436522,0.2466,150,836,986,0,2.3558237452212007,-0.44719340707869265,0,1
24,2011-01-24,1,0,1,False,1,True,1,0.0973913,0.11793,0.491739,0.15833,86,1330,1416,0,2.000096727689031,-0.21678703124390586,0,0
25,2011-01-25,1,0,1,False,2,True,2,0.223478,0.234526,0.616957,0.129796,186,1799,1985,0,1.660797198492969,0.7728187987721589,0,0
26,2011-01-26,1,0,1,False,3,True,3,0.2175,0.2036,0.8625,0.29385,34,472,506,0,2.166712310574197,2.2389827078942637,1,1
27,2011-01-27,1,0,1,False,4,True,1,0.195,0.2197,0.6875,0.113837,15,416,431,0,1.7845164141117336,0.4564981360761569,0,0
28,2011-01-28,1,0,1,False,5,True,2,0.203478,0.223317,0.793043,0.1233,38,1129,1167,0,1.6779523401233025,1.3769771999680014,1,0
29,2011-01-29,1,0,1,False,6,False,1,0.196522,0.212126,0.651739,0.145365,123,975,1098,0,1.8168026009060345,0.15498315402446297,0,0
30,2011-01-30,1,0,1,False,0,False,1,0.216522,0.250322,0.722174,0.0739826,140,956,1096,0,1.6219707611267968,0.5180921632724089,0,0
31,2011-01-31,1,0,1,False,1,True,2,0.180833,0.18625,0.60375,0.187192,42,1459,1501,0,1.932903639271049,0.7687557796369654,0,0
32,2011-01-02,1,0,2,False,2,True,2,0.192174,0.23453,0.829565,0.053213,47,1313,1360,0,1.4220089283000814,1.6336971661580693,1,0
33,2011-02-02,1,0,2,False,3,True,2,0.26,0.254417,0.775417,0.264308,72,1454,1526,0,1.787657078910343,1.1680614475065982,0,0
34,2011-03-02,1,0,2,False,4,True,1,0.186957,0.177878,0.437826,0.277752,61,1489,1550,0,2.048278104875212,-0.5629820610642667,0,0
35,2011-04-02,1,0,2,False,5,True,2,0.211304,0.228587,0.585217,0.127839,88,1620,1708,0,1.6376332345599929,0.7318598080689058,0,0
36,2011-05-02,1,0,2,False,6,False,2,0.233333,0.243058,0.929167,0.161079,100,905,1005,0,1.6295596833973571,1.7371637416927226,1,0
37,2011-06-02,1,0,2,False,0,False,1,0.285833,0.291671,0.568333,0.1418,354,1269,1623,0,1.602237794120378,-0.06604983801019886,0,0
38,2011-07-02,1,0,2,False,1,True,1,0.271667,0.303658,0.738333,0.0454083,120,1592,1712,0,1.2323326296854118,0.5647772593298537,0,0
39,2011-08-02,1,0,2,False,2,True,1,0.220833,0.198246,0.537917,0.36195,64,1466,1530,0,2.1357093792549544,-0.34824247094516,0,0
40,2011-09-02,1,0,2,False,3,True,2,0.134783,0.144283,0.494783,0.188839,53,1552,1605,0,1.9582987776392702,0.4742460136774751,0,0
41,2011-10-02,1,0,2,False,4,True,1,0.144348,0.149548,0.437391,0.221935,47,1491,1538,0,1.9887679986652054,-0.47992592576075876,0,0
42,2011-11-02,1,0,2,False,5,True,1,0.189091,0.213509,0.506364,0.10855,149,1597,1746,0,1.6008256122570812,-0.21192602830775048,0,0
43,2011-12-02,1,0,2,False,6,False,1,0.2225,0.232954,0.544167,0.203367,288,1184,1472,0,1.831573335038213,-0.24101250380110034,0,0
44,2011-02-13,1,0,2,False,0,False,1,0.316522,0.324113,0.457391,0.260883,397,1192,1589,0,1.8909501354567084,-0.5366220582661854,0,0
45,2011-02-14,1,0,2,False,1,True,1,0.415,0.39835,0.375833,0.417908,208,1705,1913,0,2.0313176360307037,-1.0164410688516574,0,0
46,2011-02-15,1,0,2,False,2,True,1,0.266087,0.254274,0.314348,0.291374,140,1675,1815,0,2.012292628483515,-0.9864579183336365,0,0
47,2011-02-16,1,0,2,False,3,True,1,0.318261,0.3162,0.423478,0.251791,218,1897,2115,0,1.735254216280562,-0.6994867638679066,0,0
48,2011-02-17,1,0,2,False,4,True,1,0.435833,0.428658,0.505,0.230104,259,2216,2475,0,1.4134147117115987,-0.5523997039452415,0,0
49,2011-02-18,1,0,2,False,5,True,1,0.521667,0.511983,0.516667,0.264925,579,2348,2927,0,1.286988916740436,-0.6725714808068967,0,0
50,2011-02-19,1,0,2,False,6,False,1,0.399167,0.391404,0.187917,0.507463,532,1103,1635,0,2.437711161912799,-1.7368778573095396,1,1
51,2011-02-20,1,0,2,False,0,False,1,0.285217,0.27733,0.407826,0.223235,639,1173,1812,0,1.848812564690781,-0.6559037069615089,0,0
52,2011-02-21,1,0,2,True,1,False,2,0.303333,0.284075,0.605,0.307846,195,912,1107,0,2.1856136564635786,0.6216492153650007,1,1
53,2011-02-22,1,0,2,False,2,True,1,0.182222,0.186033,0.577778,0.195683,74,1376,1450,0,1.8168631951043732,-0.01450068275697906,0,0
54,2011-02-23,1,0,2,False,3,True,1,0.221739,0.245717,0.423043,0.094113,139,1778,1917,0,1.5587765437109113,-0.4512283556620101,0,0
55,2011-02-24,1,0,2,False,4,True,2,0.295652,0.289191,0.697391,0.250496,100,1707,1807,0,1.7071355603222402,0.8852032809786684,0,0
56,2011-02-25,1,0,2,False,5,True,2,0.364348,0.350461,0.712174,0.346539,120,1341,1461,0,1.8589854521903402,0.8215940571154297,0,0
57,2011-02-26,1,0,2,False,6,False,1,0.2825,0.282192,0.537917,0.186571,424,1545,1969,0,1.6383556785325035,-0.33581868291129374,0,0
58,2011-02-27,1,0,2,False,0,False,1,0.343478,0.351109,0.68,0.125248,694,1708,2402,0,1.296990157762277,0.14873177727842632,0,0
59,2011-02-28,1,0,2,False,1,True,2,0.407273,0.400118,0.876364,0.289686,81,1365,1446,0,1.59802864422403,1.4074195705391368,0,0
60,2011-01-03,1,0,3,False,2,True,1,0.266667,0.263879,0.535,0.216425,137,1714,1851,0,1.6253692432720703,-0.20841194336929347,0,0
61,2011-02-03,1,0,3,False,3,True,1,0.335,0.320071,0.449583,0.307833,231,1903,2134,0,1.7317204033788278,-0.647170274158774,0,0
62,2011-03-03,1,0,3,False,4,True,1,0.198333,0.200133,0.318333,0.225754,123,1562,1685,0,1.8890763616990998,-0.830656336023044,0,0
63,2011-04-03,1,0,3,False,5,True,2,0.261667,0.255679,0.610417,0.203346,214,1730,1944,0,1.5963914771991532,0.7144708769312724,0,0
64,2011-05-03,1,0,3,False,6,False,2,0.384167,0.378779,0.789167,0.251871,640,1437,2077,0,1.4531226965032287,1.055990726493288,0,0
65,2011-06-03,1,0,3,False,0,False,2,0.376522,0.366252,0.948261,0.343287,114,491,605,0,1.823156690239357,1.709129567539298,1,0
66,2011-07-03,1,0,3,False,1,True,1,0.261739,0.238461,0.551304,0.341352,244,1628,1872,0,1.8951413644326651,-0.28795920668625546,0,0
67,2011-08-03,1,0,3,False,2,True,1,0.2925,0.3024,0.420833,0.12065,316,1817,2133,0,1.4078490928918388,-0.4867267954637172,0,0
68,2011-09-03,1,0,3,False,3,True,2,0.295833,0.286608,0.775417,0.22015,191,1700,1891,0,1.5025733663578547,1.200714240294493,0,0
69,2011-10-03,1,0,3,False,4,True,3,0.389091,0.385668,0.0,0.261877,46,577,623,0,2.197281009564374,-0.2752777477824321,0,0
70,2011-11-03,1,0,3,False,5,True,2,0.316522,0.305,0.649565,0.23297,247,1730,1977,0,1.5550365031250017,0.7664233677146783,0,0
71,2011-12-03,1,0,3,False,6,False,1,0.329167,0.32575,0.594583,0.220775,724,1408,2132,0,1.504695490396434,-0.20231869759862867,0,0
72,2011-03-13,1,0,3,False,0,False,1,0.384348,0.380091,0.527391,0.270604,982,1435,2417,0,1.5636047202982097,-0.43648846411569747,0,0
73,2011-03-14,1,0,3,False,1,True,1,0.325217,0.332,0.496957,0.136926,359,1687,2046,0,1.3694725650712412,-0.2702630800297967,0,0
74,2011-03-15,1,0,3,False,2,True,2,0.317391,0.318178,0.655652,0.184309,289,1767,2056,0,1.4476884424889434,0.8701985891010726,0,0
75,2011-03-16,1,0,3,False,3,True,2,0.365217,0.36693,0.776522,0.203117,321,1871,2192,0,1.3215680660411795,1.1501512565700616,0,0
76,2011-03-17,1,0,3,False,4,True,1,0.415,0.410333,0.602917,0.209579,424,2320,2744,0,1.213548355636836,-0.2188915232496153,0,0
77,2011-03-18,1,0,3,False,5,True,1,0.54,0.527009,0.525217,0.231017,884,2355,3239,0,1.0515215100369284,-0.6110123318500877,0,0
78,2011-03-19,1,0,3,False,6,False,1,0.4725,0.466525,0.379167,0.368167,1424,1693,3117,0,1.6039779475435951,-1.2031278740623426,0,0
79,2011-03-20,1,0,3,False,0,False,1,0.3325,0.32575,0.47375,0.207721,1047,1424,2471,0,1.5240308169156305,-0.5067963587137941,0,0
80,2011-03-21,2,0,3,False,1,True,2,0.430435,0.409735,0.737391,0.288783,401,1676,2077,0,1.184624369204763,1.0742759130218198,0,0
81,2011-03-22,2,0,3,False,2,True,1,0.441667,0.440642,0.624583,0.22575,460,2243,2703,0,0.9309551348714473,-0.02958828473739774,0,0
82,2011-03-23,2,0,3,False,3,True,2,0.346957,0.337939,0.839565,0.234261,203,1918,2121,1,1.1031920513821882,1.44117046748899,0,0
83,2011-03-24,2,0,3,False,4,True,2,0.285,0.270833,0.805833,0.243787,166,1699,1865,0,1.2654440154827724,1.3805699120226995,0,0
84,2011-03-25,2,0,3,False,5,True,1,0.264167,0.256312,0.495,0.230725,300,1910,2210,0,1.3296674067444385,-0.3096023409356881,0,0
85,2011-03-26,2,0,3,False,6,False,1,0.265833,0.257571,0.394167,0.209571,981,1515,2496,0,1.3513925754495022,-0.6774327532733636,0,0
86,2011-03-27,2,0,3,False,0,False,2,0.253043,0.250339,0.493913,0.1843,472,1221,1693,0,1.476686874587673,0.5825807804341121,0,0
87,2011-03-28,2,0,3,False,1,True,1,0.264348,0.257574,0.302174,0.212204,222,1806,2028,0,1.4559876549224702,-0.7755729502690818,0,0
88,2011-03-29,2,0,3,False,2,True,1,0.3025,0.292908,0.314167,0.226996,317,2108,2425,0,1.3609518358328336,-0.8426433622589046,0,0
89,2011-03-30,2,0,3,False,3,True,2,0.3,0.29735,0.646667,0.172888,168,1368,1536,0,1.2442170906126793,1.0438650893086903,0,0
90,2011-03-31,2,0,3,False,4,True,3,0.268333,0.257575,0.918333,0.217646,179,1506,1685,1,1.2593113570507495,2.511983469935851,0,1
91,2011-01-04,2,0,4,False,5,True,2,0.3,0.283454,0.68625,0.258708,307,1920,2227,0,1.2061634010003641,0.9905190542098403,0,0
92,2011-02-04,2,0,4,False,6,False,2,0.315,0.315637,0.65375,0.197146,898,1354,2252,0,1.120158233912332,0.8987989828320514,0,0
93,2011-03-04,2,0,4,False,0,False,1,0.378333,0.378767,0.48,0.182213,1651,1598,3249,0,0.9139369294135737,-0.41513067966763595,0,0
94,2011-04-04,2,0,4,False,1,True,1,0.573333,0.542929,0.42625,0.385571,734,2381,3115,0,1.0739695407259553,-0.8477163672489544,0,0
95,2011-05-04,2,0,4,False,2,True,2,0.414167,0.39835,0.642083,0.388067,167,1628,1795,0,1.4367501509832357,0.7625458428460132,0,0
96,2011-06-04,2,0,4,False,3,True,1,0.390833,0.387608,0.470833,0.263063,413,2395,2808,0,1.0727925317050768,-0.4800836596246549,0,0
97,2011-07-04,2,0,4,False,4,True,1,0.4375,0.433696,0.602917,0.162312,571,2570,3141,0,0.6515824309219308,-0.05844452853387408,0,0
98,2011-08-04,2,0,4,False,5,True,2,0.335833,0.324479,0.83625,0.226992,172,1299,1471,1,1.1124652470425405,1.5541724498764609,0,0
99,2011-09-04,2,0,4,False,6,False,2,0.3425,0.341529,0.8775,0.133083,879,1576,2455,1,0.7743782181224882,1.589466137725985,0,0
100,2011-10-04,2,0,4,False,0,False,2,0.426667,0.426737,0.8575,0.146767,1188,1707,2895,1,0.6615519966363544,1.5005265031986823,0,0
101,2011-11-04,2,0,4,False,1,True,2,0.595652,0.565217,0.716956,0.324474,855,2493,3348,0,0.7645750584727514,0.7735553309214459,0,0
102,2011-12-04,2,0,4,False,2,True,2,0.5025,0.493054,0.739167,0.274879,257,1777,2034,1,0.9715282462962694,1.102729015770466,0,0
103,2011-04-13,2,0,4,False,3,True,2,0.4125,0.417283,0.819167,0.250617,209,1953,2162,1,0.97054819436943,1.3758107778810111,0,0
104,2011-04-14,2,0,4,False,4,True,1,0.4675,0.462742,0.540417,0.1107,529,2738,3267,0,0.5165445701329544,-0.21520511130144027,0,0
105,2011-04-15,2,0,4,True,5,False,1,0.446667,0.441913,0.67125,0.226375,642,2484,3126,0,0.9176377198532699,-0.006405193963470525,0,0
106,2011-04-16,2,0,4,False,6,False,3,0.430833,0.425492,0.888333,0.340808,121,674,795,1,1.4203109319855052,2.310406789324478,0,1
107,2011-04-17,2,0,4,False,0,False,1,0.456667,0.445696,0.479583,0.303496,1558,2186,3744,0,0.9914113276611575,-0.6568121434120157,0,0
108,2011-04-18,2,0,4,False,1,True,1,0.5125,0.503146,0.5425,0.163567,669,2760,3429,0,0.5574780407794161,-0.2695072708223168,0,0
109,2011-04-19,2,0,4,False,2,True,2,0.505833,0.489258,0.665833,0.157971,409,2795,3204,1,0.5771636900437362,0.858078307084451,0,0
110,2011-04-20,2,0,4,False,3,True,1,0.595,0.564392,0.614167,0.241925,613,3331,3944,0,0.47853142768223156,-0.2832380087589365,0,0
111,2011-04-21,2,0,4,False,4,True,1,0.459167,0.453892,0.407083,0.325258,745,3444,4189,0,0.9326239094075645,-0.971457076241565,0,0
112,2011-04-22,2,0,4,False,5,True,2,0.336667,0.321954,0.729583,0.219521,177,1506,1683,0,1.1276208912654908,1.219360455485804,0,0
113,2011-04-23,2,0,4,False,6,False,2,0.46,0.450121,0.887917,0.230725,1462,2574,4036,1,0.5712653792193334,1.240507049333801,0,0
114,2011-04-24,2,0,4,False,0,False,2,0.581667,0.551763,0.810833,0.192175,1710,2481,4191,1,0.37185835927828703,1.063896087595491,0,0
115,2011-04-25,2,0,4,False,1,True,1,0.606667,0.5745,0.776667,0.185333,773,3300,4073,1,0.2302599999386345,0.26412936986104607,0,0
116,2011-04-26,2,0,4,False,2,True,1,0.631667,0.594083,0.729167,0.3265,678,3722,4400,0,0.47498622181328704,-0.10510687342867046,0,0
117,2011-04-27,2,0,4,False,3,True,2,0.62,0.575142,0.835417,0.3122,547,3325,3872,1,0.5401072801736801,1.0255438936990542,0,0
118,2011-04-28,2,0,4,False,4,True,2,0.6175,0.578929,0.700833,0.320908,569,3489,4058,1,0.6110065599166147,0.5813376411548419,0,0
119,2011-04-29,2,0,4,False,5,True,1,0.51,0.497463,0.457083,0.240063,878,3717,4595,0,0.5783231287346158,-0.8208803677689855,0,0
120,2011-04-30,2,0,4,False,6,False,1,0.4725,0.464021,0.503333,0.235075,1965,3347,5312,0,0.5330048360830865,-0.8144745237150216,0,0
121,2011-01-05,2,0,5,False,0,False,2,0.451667,0.448204,0.762083,0.106354,1138,2213,3351,1,0.44406422160208503,1.2406846782722074,0,0
122,2011-02-05,2,0,5,False,1,True,2,0.549167,0.532833,0.73,0.183454,847,3554,4401,1,0.26979154767618335,0.8984088512271767,0,0
123,2011-03-05,2,0,5,False,2,True,2,0.616667,0.582079,0.697083,0.342667,603,3848,4451,1,0.5282910250663554,0.569761798968261,0,0
124,2011-04-05,2,0,5,False,3,True,2,0.414167,0.40465,0.737083,0.328996,255,2378,2633,0,1.0328264902404025,1.0299002801512647,0,0
125,2011-05-05,2,0,5,False,4,True,1,0.459167,0.441917,0.444167,0.295392,614,3819,4433,0,0.724549989717731,-0.8127281310572152,0,0
126,2011-06-05,2,0,5,False,5,True,1,0.479167,0.474117,0.59,0.228246,894,3714,4608,0,0.42947189103656724,-0.35471216399355304,0,0
127,2011-07-05,2,0,5,False,6,False,1,0.52,0.512621,0.54125,0.16045,1612,3102,4714,2,0.29131922536592425,-0.5102025869002822,0,0
128,2011-08-05,2,0,5,False,0,False,1,0.528333,0.518933,0.631667,0.0746375,1401,2932,4333,2,0.12786212539548827,-0.015027152983465701,0,0
129,2011-09-05,2,0,5,False,1,True,1,0.5325,0.525246,0.58875,0.176,664,3698,4362,2,0.30104615785698086,-0.23451551308567598,0,0
130,2011-10-05,2,0,5,False,2,True,1,0.5325,0.522721,0.489167,0.115671,694,4109,4803,2,0.15780690867467256,-0.5336114996245735,0,0
131,2011-11-05,2,0,5,False,3,True,1,0.5425,0.5284,0.632917,0.120642,550,3632,4182,2,0.15755422891825063,-0.05020832329083566,0,0
132,2011-12-05,2,0,5,False,4,True,1,0.535,0.523363,0.7475,0.189667,695,4169,4864,1,0.1369408089357477,0.10587253007085222,0,0
133,2011-05-13,2,0,5,False,5,True,2,0.5125,0.4943,0.863333,0.179725,692,3413,4105,1,0.2565009449611696,1.2962518117158168,0,0
134,2011-05-14,2,0,5,False,6,False,2,0.520833,0.500629,0.9225,0.13495,902,2507,3409,1,0.2716243098420189,1.5566126055218743,0,0
135,2011-05-15,2,0,5,False,0,False,2,0.5625,0.536,0.867083,0.152979,1582,2971,4553,1,0.14029384909582854,1.2823907450368468,0,0
136,2011-05-16,2,0,5,False,1,True,1,0.5775,0.550512,0.787917,0.126871,773,3185,3958,1,0.07221254844402492,0.44140805381140974,0,0
137,2011-05-17,2,0,5,False,2,True,2,0.561667,0.538529,0.837917,0.277354,678,3445,4123,1,0.4278429407314812,1.1281379159121891,0,0
138,2011-05-18,2,0,5,False,3,True,2,0.55,0.527158,0.87,0.201492,536,3319,3855,1,0.29624351325111403,1.3360334897498267,0,0
139,2011-05-19,2,0,5,False,4,True,2,0.530833,0.510742,0.829583,0.108213,735,3840,4575,1,0.028868448198378065,1.2192153825879057,0,0
140,2011-05-20,2,0,5,False,5,True,1,0.536667,0.529042,0.719583,0.125013,909,4008,4917,2,-0.0018674348032898219,0.07464809277344747,0,0
141,2011-05-21,2,0,5,False,6,False,1,0.6025,0.571975,0.626667,0.12065,2258,3547,5805,2,-0.13123480241521873,-0.4004006602018061,0,0
142,2011-05-22,2,0,5,False,0,False,1,0.604167,0.5745,0.749583,0.148008,1576,3084,4660,1,0.05840952296496181,0.16973898636646095,0,0
143,2011-05-23,2,0,5,False,1,True,2,0.631667,0.590296,0.81,0.233842,836,3438,4274,1,0.2346432890795072,1.05617079042558,0,0
144,2011-05-24,2,0,5,False,2,True,2,0.66,0.604813,0.740833,0.207092,659,3833,4492,1,0.1405888122508818,0.8259505454763583,0,0
145,2011-05-25,2,0,5,False,3,True,1,0.660833,0.615542,0.69625,0.154233,740,4238,4978,2,-0.09662320022930376,-0.06469278674828097,0,0
146,2011-05-26,2,0,5,False,4,True,1,0.708333,0.654688,0.6775,0.199642,758,3919,4677,2,-0.011465496140511827,-0.1661913827622681,0,0
147,2011-05-27,2,0,5,False,5,True,1,0.681667,0.637008,0.65375,0.240679,871,3808,4679,2,0.12387328129730077,-0.2843910519234319,0,0
148,2011-05-28,2,0,5,False,6,False,1,0.655833,0.612379,0.729583,0.230092,2001,2757,4758,2,0.13072245757260895,-0.10317940159117729,0,0
149,2011-05-29,2,0,5,False,0,False,1,0.6675,0.61555,0.81875,0.213938,2355,2433,4788,1,0.0509019534045334,0.2522438595495233,0,0
150,2011-05-30,2,0,5,True,1,False,1,0.733333,0.671092,0.685,0.131225,1549,2549,4098,2,0.09012411191881933,-0.018203133173398948,0,0
151,2011-05-31,2,0,5,False,2,True,1,0.775,0.725383,0.636667,0.111329,673,3309,3982,2,-0.15327781279311323,-0.09495977896915178,0,0
152,2011-01-06,2,0,6,False,3,True,2,0.764167,0.720967,0.677083,0.207092,513,3461,3974,1,0.026483178540351014,0.6955790880937214,0,0
153,2011-02-06,2,0,6,False,4,True,1,0.715,0.643942,0.305,0.292287,736,4232,4968,2,0.28049107188548034,-1.360986704585037,0,0
154,2011-03-06,2,0,6,False,5,True,1,0.62,0.587133,0.354167,0.253121,898,4414,5312,2,0.23962056708081755,-1.188925252696276,0,0
155,2011-04-06,2,0,6,False,6,False,1,0.635,0.594696,0.45625,0.123142,1869,3473,5342,2,-0.07799796515071267,-0.8079084065101388,0,0
156,2011-05-06,2,0,6,False,0,False,2,0.648333,0.616804,0.6525,0.138692,1685,3221,4906,1,-0.016481077096120348,0.6281236384322793,0,0
157,2011-06-06,2,0,6,False,1,True,1,0.678333,0.621858,0.6,0.121896,673,3875,4548,2,-0.13828927609829264,-0.1840456859873558,0,0
158,2011-07-06,2,0,6,False,2,True,1,0.7075,0.65595,0.597917,0.187808,763,4070,4833,2,-0.08394497574131808,-0.3308575956038345,0,0
159,2011-08-06,2,0,6,False,3,True,1,0.775833,0.727279,0.622083,0.136817,676,3725,4401,2,-0.2429915062324695,-0.18903087789991654,0,0
160,2011-09-06,2,0,6,False,4,True,2,0.808333,0.757579,0.568333,0.149883,563,3352,3915,1,-0.08863986305435607,0.41356640003656303,0,0
161,2011-10-06,2,0,6,False,5,True,1,0.755,0.703292,0.605,0.140554,815,3771,4586,2,-0.23422754676311908,-0.2871271599909832,0,0
162,2011-11-06,2,0,6,False,6,False,1,0.725,0.678038,0.654583,0.15485,1729,3237,4966,2,-0.19807975475336342,-0.2502974802577106,0,0
163,2011-12-06,2,0,6,False,0,False,1,0.6925,0.643325,0.747917,0.163567,1467,2993,4460,1,-0.08194722249109682,0.18266846065220965,0,0
164,2011-06-13,2,0,6,False,1,True,1,0.635,0.601654,0.494583,0.30535,863,4157,5020,2,0.3116750197756245,-0.7456018002064037,0,0
165,2011-06-14,2,0,6,False,2,True,1,0.604167,0.591546,0.507083,0.269283,727,4164,4891,2,0.28363276835439094,-0.6503149399689192,0,0
166,2011-06-15,2,0,6,False,3,True,1,0.626667,0.587754,0.471667,0.167912,769,4411,5180,2,0.004186225229187264,-0.7039171504172582,0,0
167,2011-06-16,2,0,6,False,4,True,2,0.628333,0.595346,0.688333,0.206471,545,3222,3767,1,0.23467248354993236,0.8063579371389017,0,0
168,2011-06-17,2,0,6,False,5,True,1,0.649167,0.600383,0.735833,0.143029,863,3981,4844,2,-0.20123476929653955,0.10909272405926379,0,0
169,2011-06-18,2,0,6,False,6,False,1,0.696667,0.643954,0.670417,0.119408,1807,3312,5119,2,-0.2688006557225616,-0.17139208287254165,0,0
170,2011-06-19,2,0,6,False,0,False,2,0.699167,0.645846,0.666667,0.102,1639,3105,4744,1,-0.150617025957569,0.7097675477892109,0,0
171,2011-06-20,2,0,6,False,1,True,2,0.635,0.595346,0.74625,0.155475,699,3311,4010,1,0.05705396618948676,1.0403591608504772,0,0
172,2011-06-21,3,0,6,False,2,True,2,0.680833,0.637646,0.770417,0.171025,774,4061,4835,1,-0.40451838534963347,1.0689667000352534,0,0
173,2011-06-22,3,0,6,False,3,True,1,0.733333,0.693829,0.7075,0.172262,661,3846,4507,2,-0.4593029066832881,0.15013395296063073,0,0
174,2011-06-23,3,0,6,False,4,True,2,0.728333,0.693833,0.703333,0.238804,746,4044,4790,1,-0.28596437488885673,0.7510756942856995,0,0
175,2011-06-24,3,0,6,False,5,True,1,0.724167,0.656583,0.573333,0.222025,969,4022,4991,2,-0.34152737772907266,-0.39066494915777333,0,0
176,2011-06-25,3,0,6,False,6,False,1,0.695,0.643313,0.483333,0.209571,1782,3420,5202,2,-0.2529396085222924,-0.7119589377920933,0,0
177,2011-06-26,3,0,6,False,0,False,1,0.68,0.637629,0.513333,0.0945333,1920,3385,5305,2,-0.48512027226300536,-0.4167120688208353,0,0
178,2011-06-27,3,0,6,False,1,True,2,0.6825,0.637004,0.658333,0.107588,854,3854,4708,1,-0.45104146836469033,0.8411322417565007,0,0
179,2011-06-28,3,0,6,False,2,True,1,0.744167,0.692558,0.634167,0.144283,732,3916,4648,2,-0.5068928889664509,-0.04433825907498418,0,0
180,2011-06-29,3,0,6,False,3,True,1,0.728333,0.654688,0.497917,0.261821,848,4377,5225,2,-0.24077651282845053,-0.6633010035349911,0,0
181,2011-06-30,3,0,6,False,4,True,1,0.696667,0.637008,0.434167,0.185312,1027,4488,5515,2,-0.37351561903961406,-0.8034584491158479,0,0
182,2011-01-07,3,0,7,False,5,True,1,0.7225,0.652162,0.39625,0.102608,1246,4116,5362,2,-0.6300261786760908,-0.777860710704942,0,0
183,2011-02-07,3,0,7,False,6,False,1,0.738333,0.667308,0.444583,0.115062,2204,2915,5119,2,-0.564670856362699,-0.6790788217551054,0,0
184,2011-03-07,3,0,7,False,0,False,2,0.716667,0.668575,0.6825,0.228858,2282,2367,4649,1,-0.261452724866476,0.7895477326124636,0,0
185,2011-04-07,3,0,7,True,1,False,2,0.726667,0.665417,0.637917,0.0814792,3065,2978,6043,1,-0.6616424519801283,0.5969028037007211,0,0
186,2011-05-07,3,0,7,False,2,True,1,0.746667,0.696338,0.590417,0.126258,1031,3634,4665,2,-0.6081430107369236,-0.10721675566705763,0,0
187,2011-06-07,3,0,7,False,3,True,1,0.72,0.685633,0.743333,0.149883,784,3845,4629,1,-0.6128906925074509,0.319493718189534,0,0
188,2011-07-07,3,0,7,False,4,True,1,0.75,0.686871,0.65125,0.1592,754,3838,4592,2,-0.5775439944338958,0.015023697428406363,0,0
189,2011-08-07,3,0,7,False,5,True,2,0.709167,0.670483,0.757917,0.225129,692,3348,4040,1,-0.29422926548277434,1.073108815417226,0,0
190,2011-09-07,3,0,7,False,6,False,1,0.733333,0.664158,0.609167,0.167912,1988,3348,5336,2,-0.5774154069000292,-0.28141406545277087,0,0
191,2011-10-07,3,0,7,False,0,False,1,0.7475,0.690025,0.578333,0.183471,1743,3138,4881,2,-0.44340026061857213,-0.25023227862578984,0,0
192,2011-11-07,3,0,7,False,1,True,1,0.7625,0.729804,0.635833,0.282337,723,3363,4086,2,-0.22475990827638237,-0.06419901052462981,0,0
193,2011-12-07,3,0,7,False,2,True,1,0.794167,0.739275,0.559167,0.200254,662,3596,4258,2,-0.4317910488050398,-0.24932979628856478,0,0
194,2011-07-13,3,0,7,False,3,True,1,0.746667,0.689404,0.631667,0.146133,748,3594,4342,2,-0.5454428713450615,0.021700439000559985,0,0
195,2011-07-14,3,0,7,False,4,True,1,0.680833,0.635104,0.47625,0.240667,888,4196,5084,2,-0.2732552033809731,-0.6270453297906751,0,0
196,2011-07-15,3,0,7,False,5,True,1,0.663333,0.624371,0.59125,0.182833,1318,4220,5538,2,-0.5200924900923023,-0.2909186728145303,0,0
197,2011-07-16,3,0,7,False,6,False,1,0.686667,0.638263,0.585,0.208342,2418,3505,5923,2,-0.500615637208361,-0.4564602338059538,0,0
198,2011-07-17,3,0,7,False,0,False,1,0.719167,0.669833,0.604167,0.245033,2006,3296,5302,2,-0.35127750065199537,-0.2878272046469025,0,0
199,2011-07-18,3,0,7,False,1,True,1,0.746667,0.703925,0.65125,0.215804,841,3617,4458,2,-0.41399483521484726,0.012994659159149503,0,0
200,2011-07-19,3,0,7,False,2,True,1,0.776667,0.747479,0.650417,0.1306,752,3789,4541,2,-0.6581430207715918,0.0675102538720139,0,0
201,2011-07-20,3,0,7,False,3,True,1,0.768333,0.74685,0.707083,0.113817,644,3688,4332,1,-0.6904158351872346,0.27153009765774255,0,0
202,2011-07-21,3,0,7,False,4,True,2,0.815,0.826371,0.69125,0.222021,632,3152,3784,1,-0.3630764941953821,0.8802583728835901,0,0
203,2011-07-22,3,0,7,False,5,True,1,0.848333,0.840896,0.580417,0.1331,562,2825,3387,2,-0.5466778917799807,-0.059628312398626135,0,0
204,2011-07-23,3,0,7,False,6,False,1,0.849167,0.804287,0.5,0.131221,987,2298,3285,2,-0.43445238563135674,-0.33594215651938003,0,0
205,2011-07-24,3,0,7,False,0,False,1,0.83,0.794829,0.550833,0.169171,1050,2556,3606,2,-0.3754280970691287,-0.17975944683584696,0,0
206,2011-07-25,3,0,7,False,1,True,1,0.743333,0.720958,0.757083,0.0908083,568,3272,3840,1,-0.6496983186134715,0.5512445732225729,0,0
207,2011-07-26,3,0,7,False,2,True,1,0.771667,0.696979,0.540833,0.200258,750,3840,4590,2,-0.44052585094800184,-0.3380659642759588,0,0
208,2011-07-27,3,0,7,False,3,True,1,0.775,0.690667,0.402917,0.183463,755,3901,4656,2,-0.412482654401737,-0.7496712995709651,0,0
209,2011-07-28,3,0,7,False,4,True,1,0.779167,0.7399,0.583333,0.178479,606,3784,4390,2,-0.503571203487179,-0.19268721017922588,0,0
210,2011-07-29,3,0,7,False,5,True,1,0.838333,0.785967,0.5425,0.174138,670,3176,3846,2,-0.49149385820446007,-0.2753855371808972,0,0
211,2011-07-30,3,0,7,False,6,False,1,0.804167,0.728537,0.465833,0.168537,1559,2916,4475,2,-0.45390116990333496,-0.6197149428379002,0,0
212,2011-07-31,3,0,7,False,0,False,1,0.805833,0.729796,0.480833,0.164813,1524,2778,4302,2,-0.41597406383715674,-0.46441970050246123,0,0
213,2011-01-08,3,0,8,False,1,True,1,0.771667,0.703292,0.550833,0.156717,729,3537,4266,2,-0.5686748798437388,-0.15233755791737694,0,0
214,2011-02-08,3,0,8,False,2,True,1,0.783333,0.707071,0.49125,0.20585,801,4044,4845,2,-0.5365823551441354,-0.48138779006893123,0,0
215,2011-03-08,3,0,8,False,3,True,2,0.731667,0.679937,0.6575,0.135583,467,3107,3574,1,-0.45885390556741107,1.0086408141406031,0,0
216,2011-04-08,3,0,8,False,4,True,2,0.71,0.664788,0.7575,0.19715,799,3777,4576,1,-0.5164569403733152,1.0932281012693728,0,0
217,2011-05-08,3,0,8,False,5,True,1,0.710833,0.656567,0.630833,0.184696,1023,3843,4866,2,-0.5854234977834379,-0.05800143920514466,0,0
218,2011-06-08,3,0,8,False,6,False,2,0.716667,0.676154,0.755,0.22825,1521,2773,4294,1,-0.3658234012147272,1.0168347778906262,0,0
219,2011-07-08,3,0,8,False,0,False,1,0.7425,0.715292,0.752917,0.201487,1298,2487,3785,1,-0.4175177988199132,0.44384824329188227,0,0
220,2011-08-08,3,0,8,False,1,True,1,0.765,0.703283,0.592083,0.192175,846,3480,4326,2,-0.5169987969789805,-0.07599869549234096,0,0
221,2011-09-08,3,0,8,False,2,True,1,0.775,0.724121,0.570417,0.151121,907,3695,4602,2,-0.6545678846117143,-0.14964720909327392,0,0
222,2011-10-08,3,0,8,False,3,True,1,0.766667,0.684983,0.424167,0.200258,884,3896,4780,2,-0.4794447492162694,-0.6700399699962808,0,0
223,2011-11-08,3,0,8,False,4,True,1,0.7175,0.651521,0.42375,0.164796,812,3980,4792,2,-0.4944977269814118,-0.6241638820796769,0,0
224,2011-12-08,3,0,8,False,5,True,1,0.708333,0.654042,0.415,0.125621,1051,3854,4905,2,-0.5839390833093516,-0.6308699069091123,0,0
225,2011-08-13,3,0,8,False,6,False,2,0.685833,0.645858,0.729583,0.211454,1504,2646,4150,1,-0.32139226641867097,0.9948170331315259,0,0
226,2011-08-14,3,0,8,False,0,False,2,0.676667,0.624388,0.8175,0.222633,1338,2482,3820,1,-0.25638848424255073,1.3743216393793285,0,0
227,2011-08-15,3,0,8,False,1,True,1,0.665833,0.616167,0.712083,0.208954,775,3563,4338,1,-0.41758284324759193,0.30256835917126046,0,0
228,2011-08-16,3,0,8,False,2,True,1,0.700833,0.645837,0.578333,0.236329,721,4004,4725,2,-0.3901202631683635,-0.2049393547812063,0,0
229,2011-08-17,3,0,8,False,3,True,1,0.723333,0.666671,0.575417,0.143667,668,4026,4694,2,-0.6210694207999553,-0.12916124106212842,0,0
230,2011-08-18,3,0,8,False,4,True,1,0.711667,0.662258,0.654583,0.233208,639,3166,3805,2,-0.32661720503501457,0.1151444454967383,0,0
231,2011-08-19,3,0,8,False,5,True,2,0.685,0.633221,0.722917,0.139308,797,3356,4153,1,-0.5255534103842399,1.1117801901054312,0,0
232,2011-08-20,3,0,8,False,6,False,1,0.6975,0.648996,0.674167,0.104467,1914,3277,5191,2,-0.7652481403427074,0.06688803981865314,0,0
233,2011-08-21,3,0,8,False,0,False,1,0.710833,0.675525,0.77,0.248754,1249,2624,3873,1,-0.2948740479773588,0.4434678834277056,0,0
234,2011-08-22,3,0,8,False,1,True,1,0.691667,0.638254,0.47,0.27675,833,3925,4758,2,-0.22328000184801067,-0.5557034226925635,0,0
235,2011-08-23,3,0,8,False,2,True,1,0.640833,0.606067,0.455417,0.146763,1281,4614,5895,2,-0.6064394741561868,-0.5971204177060295,0,0
236,2011-08-24,3,0,8,False,3,True,1,0.673333,0.630692,0.605,0.253108,949,4181,5130,2,-0.39946772738039216,-0.20177577325578955,0,0
237,2011-08-25,3,0,8,False,4,True,2,0.684167,0.645854,0.771667,0.210833,435,3107,3542,1,-0.2994312964132362,1.272104297312615,0,0
238,2011-08-26,3,0,8,False,5,True,1,0.7,0.659733,0.76125,0.0839625,768,3893,4661,1,-0.8369848125824132,0.472523065977232,0,0
239,2011-08-27,3,0,8,False,6,False,2,0.68,0.635556,0.85,0.375617,226,889,1115,1,0.43867946579275546,1.5796116806315068,0,0
240,2011-08-28,3,0,8,False,0,False,1,0.707059,0.647959,0.561765,0.304659,1415,2919,4334,2,-0.11212796389958547,-0.29362104568249336,0,0
241,2011-08-29,3,0,8,False,1,True,1,0.636667,0.607958,0.554583,0.159825,729,3905,4634,2,-0.43280259708909496,-0.13242656712288126,0,0
242,2011-08-30,3,0,8,False,2,True,1,0.639167,0.594704,0.548333,0.125008,775,4429,5204,2,-0.601304522811006,-0.20425748817299388,0,0
243,2011-08-31,3,0,8,False,3,True,1,0.656667,0.611121,0.597917,0.0833333,688,4370,5058,2,-0.7290303858673597,-0.013512485717734706,0,0
244,2011-01-09,3,0,9,False,4,True,1,0.655,0.614921,0.639167,0.141796,783,4332,5115,2,-0.7219110913772153,0.06997303470544716,0,0
245,2011-02-09,3,0,9,False,5,True,2,0.643333,0.604808,0.727083,0.139929,875,3852,4727,1,-0.6402508776180641,1.1135725492073123,0,0
246,2011-03-09,3,0,9,False,6,False,1,0.669167,0.633213,0.716667,0.185325,1935,2549,4484,1,-0.5497784366887,0.25907339152709175,0,0
247,2011-04-09,3,0,9,False,0,False,1,0.709167,0.665429,0.742083,0.206467,2521,2419,4940,1,-0.6150903965093779,0.3136689509922541,0,0
248,2011-05-09,3,0,9,True,1,False,2,0.673333,0.625646,0.790417,0.212696,1236,2115,3351,1,-0.14512744005502415,1.3867261001477584,0,0
249,2011-06-09,3,0,9,False,2,True,3,0.54,0.5152,0.886957,0.343943,204,2506,2710,1,0.24438969442775935,2.456766382755972,0,1
250,2011-07-09,3,0,9,False,3,True,3,0.599167,0.544229,0.917083,0.0970208,118,1878,1996,1,-0.28692329209469686,2.8798738386910174,1,1
251,2011-08-09,3,0,9,False,4,True,3,0.633913,0.555361,0.939565,0.192748,153,1689,1842,1,-0.12280930859460959,2.8288695727335873,1,1
252,2011-09-09,3,0,9,False,5,True,2,0.65,0.578946,0.897917,0.124379,417,3127,3544,1,-0.6048815415574199,1.7918927753783924,0,0
253,2011-10-09,3,0,9,False,6,False,1,0.66,0.607962,0.75375,0.153608,1750,3595,5345,1,-0.7617120565345028,0.2911493766533109,0,0
254,2011-11-09,3,0,9,False,0,False,1,0.653333,0.609229,0.71375,0.115054,1633,3413,5046,1,-0.7345375700204134,0.34483474092309263,0,0
255,2011-12-09,3,0,9,False,1,True,1,0.644348,0.60213,0.692174,0.088913,690,4023,4713,1,-0.7766602534561577,0.3874050435267074,0,0
256,2011-09-13,3,0,9,False,2,True,1,0.650833,0.603554,0.7125,0.141804,701,4062,4763,1,-0.6962808220921403,0.3637192312860181,0,0
257,2011-09-14,3,0,9,False,3,True,1,0.673333,0.6269,0.697083,0.1673,647,4138,4785,1,-0.6714528629705594,0.2621296049626243,0,0
258,2011-09-15,3,0,9,False,4,True,2,0.5775,0.553671,0.709167,0.271146,428,3231,3659,1,-0.08241298975351795,1.1025024362794285,0,0
259,2011-09-16,3,0,9,False,5,True,2,0.469167,0.461475,0.590417,0.164183,742,4018,4760,1,-0.26603513984705757,0.7599342220187821,0,0
260,2011-09-17,3,0,9,False,6,False,2,0.491667,0.478512,0.718333,0.189675,1434,3077,4511,1,-0.22950915591730867,1.0760187756365793,0,0
261,2011-09-18,3,0,9,False,0,False,1,0.5075,0.490537,0.695,0.178483,1353,2921,4274,1,-0.26254091593290146,0.3905230794044567,0,0
262,2011-09-19,3,0,9,False,1,True,2,0.549167,0.529675,0.69,0.151742,691,3848,4539,1,-0.41094003419484604,1.1163139529871389,0,0
263,2011-09-20,3,0,9,False,2,True,2,0.561667,0.532217,0.88125,0.134954,438,3203,3641,1,-0.4481171207949128,1.8006369837450042,0,0
264,2011-09-21,3,0,9,False,3,True,2,0.595,0.550533,0.9,0.0964042,539,3813,4352,1,-0.7048625425454456,1.7731740585458098,0,0
265,2011-09-22,3,0,9,False,4,True,2,0.628333,0.554963,0.902083,0.128125,555,4240,4795,1,-0.7574985018513509,1.653794407265589,0,0
266,2011-09-23,4,0,9,False,5,True,2,0.609167,0.522125,0.9725,0.0783667,258,2137,2395,1,-0.7994225889378279,2.3610557519806146,1,1
267,2011-09-24,4,0,9,False,6,False,2,0.606667,0.564412,0.8625,0.0783833,1776,3647,5423,1,-1.144573271853702,1.5712529832509088,1,0
268,2011-09-25,4,0,9,False,0,False,2,0.634167,0.572637,0.845,0.0503792,1544,3466,5010,1,-1.1383271847340437,1.6789746441359732,1,0
269,2011-09-26,4,0,9,False,1,True,2,0.649167,0.589042,0.848333,0.1107,684,3946,4630,1,-1.0343365729162743,1.6925920433185235,0,0
270,2011-09-27,4,0,9,False,2,True,2,0.636667,0.574525,0.885417,0.118171,477,3643,4120,1,-0.9496205678033357,1.8544652545134563,1,0
271,2011-09-28,4,0,9,False,3,True,2,0.635,0.575158,0.84875,0.148629,480,3427,3907,1,-0.8309368865510823,1.7278644295788088,0,0
272,2011-09-29,4,0,9,False,4,True,1,0.616667,0.574512,0.699167,0.172883,653,4186,4839,1,-0.8788232893738098,0.3892705941330763,0,0
273,2011-09-30,4,0,9,False,5,True,1,0.564167,0.544829,0.6475,0.206475,830,4372,5202,2,-0.7623444926099833,0.16012733514091765,0,0
274,2011-01-10,4,0,10,False,6,False,2,0.41,0.412863,0.75375,0.292296,480,1949,2429,1,0.04086730761316951,1.5569839364950715,0,0
275,2011-02-10,4,0,10,False,0,False,2,0.356667,0.345317,0.791667,0.222013,616,2302,2918,1,-0.10531020210863769,1.790245627951072,0,0
276,2011-03-10,4,0,10,False,1,True,2,0.384167,0.392046,0.760833,0.0833458,330,3240,3570,1,-0.5891676560460957,1.7816871693053056,0,0
277,2011-04-10,4,0,10,False,2,True,1,0.484167,0.472858,0.71,0.205854,486,3970,4456,1,-0.6423775062486986,0.5744376969238563,0,0
278,2011-05-10,4,0,10,False,3,True,1,0.538333,0.527138,0.647917,0.17725,559,4267,4826,1,-0.8043530435362389,0.3345381353556624,0,0
279,2011-06-10,4,0,10,False,4,True,1,0.494167,0.480425,0.620833,0.134954,639,4126,4765,1,-0.8135830478898884,0.317239751400268,0,0
280,2011-07-10,4,0,10,False,5,True,1,0.510833,0.504404,0.684167,0.0223917,949,4036,4985,1,-1.1589687883911768,0.579064390142931,0,0
281,2011-08-10,4,0,10,False,6,False,1,0.521667,0.513242,0.70125,0.0454042,2235,3174,5409,1,-1.147790349585996,0.48550675836507656,0,0
282,2011-09-10,4,0,10,False,0,False,1,0.540833,0.523983,0.7275,0.06345,2397,3114,5511,1,-1.136491511926255,0.603846101627904,0,0
283,2011-10-10,4,0,10,True,1,False,1,0.570833,0.542925,0.73375,0.0423042,1514,3603,5117,1,-1.0452497555100997,0.6523664560270315,0,0
284,2011-11-10,4,0,10,False,2,True,2,0.566667,0.546096,0.80875,0.143042,667,3896,4563,1,-0.9024081104330235,1.6218494495912052,0,0
285,2011-12-10,4,0,10,False,3,True,3,0.543333,0.517717,0.90625,0.24815,217,2199,2416,1,-0.306133582576495,2.817617755272637,1,1
286,2011-10-13,4,0,10,False,4,True,2,0.589167,0.551804,0.896667,0.141787,290,2623,2913,1,-0.7453376892478625,2.068086394889439,1,0
287,2011-10-14,4,0,10,False,5,True,2,0.550833,0.529675,0.71625,0.223883,529,3115,3644,1,-0.5214893173211231,1.3485575980851323,0,0
288,2011-10-15,4,0,10,False,6,False,1,0.506667,0.498725,0.483333,0.258083,1899,3318,5217,2,-0.5023319932145353,-0.36299787063876227,0,0
289,2011-10-16,4,0,10,False,0,False,1,0.511667,0.503154,0.486667,0.281717,1748,3293,5041,2,-0.4021000871966092,-0.2740571006760773,0,0
290,2011-10-17,4,0,10,False,1,True,1,0.534167,0.510725,0.579583,0.175379,713,3857,4570,2,-0.7108922265804559,0.20029006946586678,0,0
291,2011-10-18,4,0,10,False,2,True,2,0.5325,0.522721,0.701667,0.110087,637,4111,4748,1,-0.8892671070668541,1.3344366575471018,0,0
292,2011-10-19,4,0,10,False,3,True,3,0.541739,0.513848,0.895217,0.243339,254,2170,2424,1,-0.3088268693764141,2.7902163746512736,1,1
293,2011-10-20,4,0,10,False,4,True,1,0.475833,0.466525,0.63625,0.422275,471,3724,4195,1,-0.08596878033923341,0.12437103513703356,0,0
294,2011-10-21,4,0,10,False,5,True,1,0.4275,0.423596,0.574167,0.221396,676,3628,4304,2,-0.43826719985413826,0.16181998667338846,0,0
295,2011-10-22,4,0,10,False,6,False,1,0.4225,0.425492,0.629167,0.0926667,1499,2809,4308,1,-0.6924118139437471,0.4156059237849781,0,0
296,2011-10-23,4,0,10,False,0,False,1,0.421667,0.422333,0.74125,0.0995125,1619,2762,4381,1,-0.7255848905857507,0.8124656304174551,0,0
297,2011-10-24,4,0,10,False,1,True,1,0.463333,0.457067,0.772083,0.118792,699,3488,4187,1,-0.7934505279173327,0.9157236454950677,0,0
298,2011-10-25,4,0,10,False,2,True,1,0.471667,0.463375,0.622917,0.166658,695,3992,4687,1,-0.6923719414983367,0.33666741128048633,0,0
299,2011-10-26,4,0,10,False,3,True,2,0.484167,0.472846,0.720417,0.148642,404,3490,3894,1,-0.6226733934189326,1.4706253212798948,0,0
300,2011-10-27,4,0,10,False,4,True,2,0.47,0.457046,0.812917,0.197763,240,2419,2659,1,-0.36704976897669855,1.8480303052909695,0,0
301,2011-10-28,4,0,10,False,5,True,2,0.330833,0.318812,0.585833,0.229479,456,3291,3747,1,-0.13845471216667332,1.0460504429012287,0,0
302,2011-10-29,4,0,10,False,6,False,3,0.254167,0.227913,0.8825,0.351371,57,570,627,1,0.654764436687212,2.9250827572791906,1,1
303,2011-10-30,4,0,10,False,0,False,1,0.319167,0.321329,0.62375,0.176617,885,2446,3331,1,-0.1808952935593245,0.5697845316301359,0,0
304,2011-10-31,4,0,10,False,1,True,1,0.34,0.356063,0.703333,0.10635,362,3307,3669,1,-0.526111270890964,0.8548855172152184,0,0
305,2011-01-11,4,0,11,False,2,True,1,0.400833,0.397088,0.68375,0.135571,410,3658,4068,1,-0.685287453524897,0.7168537001656695,0,0
306,2011-02-11,4,0,11,False,3,True,1,0.3775,0.390133,0.71875,0.0820917,370,3816,4186,1,-0.8135610681145722,0.8609598486788514,0,0
307,2011-03-11,4,0,11,False,4,True,1,0.408333,0.405921,0.702083,0.136817,318,3656,3974,1,-0.6999837507932201,0.7506803274921204,0,0
308,2011-04-11,4,0,11,False,5,True,2,0.403333,0.403392,0.6225,0.271779,470,3576,4046,1,-0.29938954981802723,1.0810880481027068,0,0
309,2011-05-11,4,0,11,False,6,False,1,0.326667,0.323854,0.519167,0.189062,1156,2770,3926,2,-0.3059432640640412,0.12831746249757398,0,0
310,2011-06-11,4,0,11,False,0,False,1,0.348333,0.362358,0.734583,0.0920542,952,2697,3649,1,-0.6049326946448694,0.983798891139389,0,0
311,2011-07-11,4,0,11,False,1,True,1,0.395,0.400871,0.75875,0.057225,373,3662,4035,1,-0.8828067019553582,1.0472854478300928,0,0
312,2011-08-11,4,0,11,False,2,True,1,0.408333,0.412246,0.721667,0.0690375,376,3829,4205,1,-0.8845009625824035,0.8814628470576458,0,0
313,2011-09-11,4,0,11,False,3,True,1,0.4,0.409079,0.758333,0.0621958,305,3804,4109,1,-0.9004436753995274,1.000011665800445,0,0
314,2011-10-11,4,0,11,False,4,True,2,0.38,0.373721,0.813333,0.189067,190,2743,2933,1,-0.38580991450740765,1.9124654936800969,0,0
315,2011-11-11,4,0,11,True,5,False,1,0.324167,0.306817,0.44625,0.314675,440,2928,3368,2,0.2331173705874053,-0.15645895175169816,0,0
316,2011-12-11,4,0,11,False,6,False,1,0.356667,0.357942,0.552917,0.212062,1275,2792,4067,1,-0.34039156687938066,0.1686586874654173,0,0
317,2011-11-13,4,0,11,False,0,False,1,0.440833,0.43055,0.458333,0.281721,1004,2713,3717,2,-0.16388737771629283,-0.09555290279586588,0,0
318,2011-11-14,4,0,11,False,1,True,1,0.53,0.524612,0.587083,0.306596,595,3891,4486,2,-0.4948489354908142,0.13667252372610555,0,0
319,2011-11-15,4,0,11,False,2,True,2,0.53,0.507579,0.68875,0.199633,449,3746,4195,1,-0.6808817499225539,1.3207754172129782,0,0
320,2011-11-16,4,0,11,False,3,True,3,0.456667,0.451988,0.93,0.136829,145,1672,1817,1,-0.4313950415490443,3.183791012386438,1,1
321,2011-11-17,4,0,11,False,4,True,2,0.341667,0.323221,0.575833,0.305362,139,2914,3053,1,0.046840327042092574,1.0834393358471068,0,0
322,2011-11-18,4,0,11,False,5,True,1,0.274167,0.272721,0.41,0.168533,245,3147,3392,2,-0.18018544466596972,-0.017778727697151636,0,0
323,2011-11-19,4,0,11,False,6,False,1,0.329167,0.324483,0.502083,0.224496,943,2720,3663,2,-0.1814114780935876,0.0726540068754729,0,0
324,2011-11-20,4,0,11,False,0,False,2,0.463333,0.457058,0.684583,0.18595,787,2733,3520,1,-0.4427509798592253,1.4335131182166951,0,0
325,2011-11-21,4,0,11,False,1,True,3,0.4475,0.445062,0.91,0.138054,220,2545,2765,1,-0.540118063574923,3.0268618314207623,1,1
326,2011-11-22,4,0,11,False,2,True,3,0.416667,0.421696,0.9625,0.118792,69,1538,1607,1,-0.3970005627279931,3.360922615780651,1,1
327,2011-11-23,4,0,11,False,3,True,2,0.440833,0.430537,0.757917,0.335825,112,2454,2566,1,-0.05648149312482442,1.6195088459274782,0,0
328,2011-11-24,4,0,11,True,4,False,1,0.373333,0.372471,0.549167,0.167304,560,935,1495,1,0.07670134769898754,0.5589341579488765,0,0
329,2011-11-25,4,0,11,False,5,True,1,0.375,0.380671,0.64375,0.0988958,1095,1697,2792,1,-0.5222653317671992,0.7839393207655416,0,0
330,2011-11-26,4,0,11,False,6,False,1,0.375833,0.385087,0.681667,0.0684208,1249,1819,3068,1,-0.6030251206796963,0.8368418437149027,0,0
331,2011-11-27,4,0,11,False,0,False,1,0.459167,0.4558,0.698333,0.208954,810,2261,3071,1,-0.39435898250621215,0.772512921268491,0,0
332,2011-11-28,4,0,11,False,1,True,1,0.503478,0.490122,0.743043,0.142122,253,3614,3867,1,-0.8143838399955894,0.8779090520910658,0,0
333,2011-11-29,4,0,11,False,2,True,2,0.458333,0.451375,0.830833,0.258092,96,2818,2914,1,-0.34289691734078415,1.8804906090734006,0,0
334,2011-11-30,4,0,11,False,3,True,1,0.325,0.311221,0.613333,0.271158,188,3425,3613,1,-0.17695444944898994,0.4394702714742095,0,0
335,2011-01-12,4,0,12,False,4,True,1,0.3125,0.305554,0.524583,0.220158,182,3545,3727,1,-0.32138167864482653,0.261046143119338,0,0
336,2011-02-12,4,0,12,False,5,True,1,0.314167,0.331433,0.625833,0.100754,268,3672,3940,1,-0.6828192622432874,0.6501034806483343,0,0
337,2011-03-12,4,0,12,False,6,False,1,0.299167,0.310604,0.612917,0.0957833,706,2908,3614,1,-0.5618911666052239,0.6137922075820755,0,0
338,2011-04-12,4,0,12,False,0,False,1,0.330833,0.3491,0.775833,0.0839583,634,2851,3485,1,-0.6807910023084188,1.1938200708077886,0,0
339,2011-05-12,4,0,12,False,1,True,2,0.385833,0.393925,0.827083,0.0622083,233,3578,3811,1,-0.8808528999301471,2.0651075852598564,1,0
340,2011-06-12,4,0,12,False,2,True,3,0.4625,0.4564,0.949583,0.232583,126,2468,2594,1,-0.44171896057055077,3.088042498350735,1,1
341,2011-07-12,4,0,12,False,3,True,3,0.41,0.400246,0.970417,0.266175,50,655,705,1,-0.021223811586506543,3.378695300101649,1,1
342,2011-08-12,4,0,12,False,4,True,1,0.265833,0.256938,0.58,0.240058,150,3172,3322,1,-0.18437862584606973,0.4784097609007667,0,0
343,2011-09-12,4,0,12,False,5,True,1,0.290833,0.317542,0.695833,0.0827167,261,3359,3620,1,-0.6827515615666268,0.9308595399142098,0,0
344,2011-10-12,4,0,12,False,6,False,1,0.275,0.266412,0.5075,0.233221,502,2688,3190,1,-0.09986763265106889,0.21719722978014208,0,0
345,2011-11-12,4,0,12,False,0,False,1,0.220833,0.253154,0.49,0.0665417,377,2366,2743,1,-0.27524271487162466,0.5238296387382309,0,0
346,2011-12-12,4,0,12,False,1,True,1,0.238333,0.270196,0.670833,0.06345,143,3167,3310,1,-0.5675223030851416,1.001574483072073,0,0
347,2011-12-13,4,0,12,False,2,True,1,0.2825,0.301138,0.59,0.14055,155,3368,3523,1,-0.45046877127347906,0.6131595775265151,0,0
348,2011-12-14,4,0,12,False,3,True,2,0.3175,0.338362,0.66375,0.0609583,178,3562,3740,1,-0.6874573804638865,1.5988891731942527,0,0
349,2011-12-15,4,0,12,False,4,True,2,0.4225,0.412237,0.634167,0.268042,181,3528,3709,1,-0.3669442619545481,1.219703440512135,0,0
350,2011-12-16,4,0,12,False,5,True,2,0.375,0.359825,0.500417,0.260575,178,3399,3577,1,-0.21965771249237215,0.8602820858645643,0,0
351,2011-12-17,4,0,12,False,6,False,2,0.258333,0.249371,0.560833,0.243167,275,2464,2739,1,0.05044671955669325,1.1705664567326386,0,0
352,2011-12-18,4,0,12,False,0,False,1,0.238333,0.245579,0.58625,0.169779,220,2211,2431,1,-0.08638157060996364,0.7250147445586553,0,0
353,2011-12-19,4,0,12,False,1,True,1,0.276667,0.280933,0.6375,0.172896,260,3143,3403,1,-0.37756107671267314,0.7495396501872496,0,0
354,2011-12-20,4,0,12,False,2,True,2,0.385833,0.396454,0.595417,0.0615708,216,3534,3750,1,-0.7360448469145674,1.3780936152613084,0,0
355,2011-12-21,1,0,12,False,3,True,2,0.428333,0.428017,0.858333,0.2214,107,2553,2660,1,0.4052423767830332,1.7188891688014112,0,0
356,2011-12-22,1,0,12,False,4,True,2,0.423333,0.426121,0.7575,0.047275,227,2841,3068,1,0.027992078623378727,1.5513480425322608,0,0
357,2011-12-23,1,0,12,False,5,True,1,0.373333,0.377513,0.68625,0.274246,163,2046,2209,0,0.6931664195965563,0.472860969698469,0,0
358,2011-12-24,1,0,12,False,6,False,1,0.3025,0.299242,0.5425,0.190304,155,856,1011,0,0.9357213646766525,0.2849655198717479,0,0
359,2011-12-25,1,0,12,False,0,False,1,0.274783,0.279961,0.681304,0.155091,303,451,754,0,0.8835115597216536,0.8652854441100676,0,0
360,2011-12-26,1,0,12,True,1,False,1,0.321739,0.315535,0.506957,0.239465,430,887,1317,0,1.142540330163363,0.12502065668550746,0,0
361,2011-12-27,1,0,12,False,2,True,2,0.325,0.327633,0.7625,0.18845,103,1059,1162,1,0.7735201211435716,1.739562794977444,0,0
362,2011-12-28,1,0,12,False,3,True,1,0.29913,0.279974,0.503913,0.293961,255,2047,2302,0,0.9469976188138804,-0.03644745006003398,0,0
363,2011-12-29,1,0,12,False,4,True,1,0.248333,0.263892,0.574167,0.119412,254,2169,2423,0,0.5723516854587306,0.36038012813958636,0,0
364,2011-12-30,1,0,12,False,5,True,1,0.311667,0.318812,0.636667,0.134337,491,2508,2999,1,0.38384282127494496,0.4058492364214794,0,0
365,2011-12-31,1,0,12,False,6,False,1,0.41,0.414121,0.615833,0.220154,665,1820,2485,0,0.5775225762937165,0.2169184932135245,0,0
366,2012-01-01,1,1,1,False,0,False,1,0.37,0.375621,0.6925,0.192167,686,1608,2294,0,1.2771549308556331,-0.43177734965888837,0,0
367,2012-02-01,1,1,1,True,1,False,1,0.273043,0.252304,0.381304,0.329665,244,1707,1951,0,2.076205532713519,-1.4450548703364159,0,1
368,2012-03-01,1,1,1,False,2,True,1,0.15,0.126275,0.44125,0.365671,89,2147,2236,0,2.0555338812909953,-1.2445087545519955,0,0
369,2012-04-01,1,1,1,False,3,True,2,0.1075,0.119337,0.414583,0.1847,95,2273,2368,0,1.7814048301925816,-0.39256930530625517,0,0
370,2012-05-01,1,1,1,False,4,True,1,0.265833,0.278412,0.524167,0.129987,140,3132,3272,0,1.1613286795653057,-0.9569791797176823,0,0
371,2012-06-01,1,1,1,False,5,True,1,0.334167,0.340267,0.542083,0.167908,307,3791,4098,0,1.0043545786069101,-1.10503751099072,0,0
372,2012-07-01,1,1,1,False,6,False,1,0.393333,0.390779,0.531667,0.174758,1070,3451,4521,0,0.9300311296824302,-1.283527237383163,0,0
373,2012-08-01,1,1,1,False,0,False,1,0.3375,0.340258,0.465,0.191542,599,2826,3425,0,1.2854900760407681,-1.239639096836011,0,0
374,2012-09-01,1,1,1,False,1,True,2,0.224167,0.247479,0.701667,0.0989,106,2270,2376,0,1.2656905686866209,0.5224220081064563,0,0
375,2012-10-01,1,1,1,False,2,True,1,0.308696,0.318826,0.646522,0.187552,173,3425,3598,0,1.111279044723676,-0.6978640041431814,0,0
376,2012-11-01,1,1,1,False,3,True,2,0.274167,0.282821,0.8475,0.131221,92,2085,2177,0,1.1972670521788826,0.8911516563336591,0,0
377,2012-12-01,1,1,1,False,4,True,2,0.3825,0.381938,0.802917,0.180967,269,3828,4097,0,0.8791535108846473,0.3784286764260286,0,0
378,2012-01-13,1,1,1,False,5,True,1,0.274167,0.249362,0.5075,0.378108,174,3040,3214,0,1.7020069095907964,-1.2960731479349896,0,0
379,2012-01-14,1,1,1,False,6,False,1,0.18,0.183087,0.4575,0.187183,333,2160,2493,0,1.613826059501835,-1.1413315586830144,0,0
380,2012-01-15,1,1,1,False,0,False,1,0.166667,0.161625,0.419167,0.251258,284,2027,2311,0,1.853812749823598,-1.2114015159892226,0,0
381,2012-01-16,1,1,1,True,1,False,1,0.19,0.190663,0.5225,0.231358,217,2081,2298,0,1.8386566838876006,-0.9272308510702229,0,0
382,2012-01-17,1,1,1,False,2,True,2,0.373043,0.364278,0.716087,0.34913,127,2808,2935,0,1.5003519110907495,0.12352427176954274,0,0
383,2012-01-18,1,1,1,False,3,True,1,0.303333,0.275254,0.443333,0.415429,109,3267,3376,0,1.766757211770853,-1.534568251182182,0,1
384,2012-01-19,1,1,1,False,4,True,1,0.19,0.190038,0.4975,0.220158,130,3162,3292,0,1.4759822961187608,-1.1048992990661353,0,0
385,2012-01-20,1,1,1,False,5,True,2,0.2175,0.220958,0.45,0.20275,115,3048,3163,0,1.5121419351666257,-0.4957621849316175,0,0
386,2012-01-21,1,1,1,False,6,False,2,0.173333,0.174875,0.83125,0.222642,67,1234,1301,0,1.7239449325531817,0.8227011365972194,0,0
387,2012-01-22,1,1,1,False,0,False,2,0.1625,0.16225,0.79625,0.199638,196,1781,1977,0,1.6367557077602364,0.7428448709456732,0,0
388,2012-01-23,1,1,1,False,1,True,2,0.218333,0.243058,0.91125,0.110708,145,2287,2432,0,1.1624274424133179,1.1211686990078895,0,0
389,2012-01-24,1,1,1,False,2,True,1,0.3425,0.349108,0.835833,0.123767,439,3900,4339,0,0.6951610658810331,-0.18500062531692682,0,0
390,2012-01-25,1,1,1,False,3,True,1,0.294167,0.294821,0.64375,0.161071,467,3803,4270,0,0.9667096192386937,-0.7748637788760655,0,0
391,2012-01-26,1,1,1,False,4,True,2,0.341667,0.35605,0.769583,0.0733958,244,3831,4075,0,0.7265900042654054,0.4235830856093562,0,0
392,2012-01-27,1,1,1,False,5,True,2,0.425,0.415383,0.74125,0.342667,269,3187,3456,0,1.3024451268445874,0.0679035003897625,0,0
393,2012-01-28,1,1,1,False,6,False,1,0.315833,0.326379,0.543333,0.210829,775,3248,4023,0,1.1863172659614662,-1.1863007633147475,0,0
394,2012-01-29,1,1,1,False,0,False,1,0.2825,0.272721,0.31125,0.24005,558,2685,3243,0,1.5897775927665334,-1.69681416059943,0,1
395,2012-01-30,1,1,1,False,1,True,1,0.269167,0.262625,0.400833,0.215792,126,3498,3624,0,1.3792631532053345,-1.4242478205292177,0,0
396,2012-01-31,1,1,1,False,2,True,1,0.39,0.381317,0.416667,0.261817,324,4185,4509,0,1.1587656183195278,-1.6198903464991585,0,0
397,2012-01-02,1,1,2,False,3,True,1,0.469167,0.466538,0.507917,0.189067,304,4275,4579,0,0.7358261138920245,-1.2802762552205003,0,0
398,2012-02-02,1,1,2,False,4,True,2,0.399167,0.398971,0.672917,0.187187,190,3571,3761,0,0.918167618519945,0.07574366518508463,0,0
399,2012-03-02,1,1,2,False,5,True,1,0.313333,0.309346,0.526667,0.178496,310,3841,4151,0,0.9748098962712324,-1.1109013389444615,0,0
400,2012-04-02,1,1,2,False,6,False,2,0.264167,0.272725,0.779583,0.121896,384,2448,2832,0,1.0906077783582437,0.583056540883756,0,0
401,2012-05-02,1,1,2,False,0,False,2,0.265833,0.264521,0.687917,0.175996,318,2629,2947,0,1.274740186023226,0.3198960641378642,0,0
402,2012-06-02,1,1,2,False,1,True,1,0.282609,0.296426,0.622174,0.1538,206,3578,3784,0,0.9828948875310803,-0.6816149435842583,0,0
403,2012-07-02,1,1,2,False,2,True,1,0.354167,0.361104,0.49625,0.147379,199,4176,4375,0,0.8496804917526727,-1.1726017588158344,0,0
404,2012-08-02,1,1,2,False,3,True,2,0.256667,0.266421,0.722917,0.133721,109,2693,2802,0,1.1238850789770796,0.4936820766751219,0,0
405,2012-09-02,1,1,2,False,4,True,1,0.265,0.261988,0.562083,0.194037,163,3667,3830,0,1.1090597068160748,-0.9441276311983842,0,0
406,2012-10-02,1,1,2,False,5,True,2,0.280833,0.293558,0.54,0.116929,227,3604,3831,0,0.9963113262150595,-0.20507511092375,0,0
407,2012-11-02,1,1,2,False,6,False,3,0.224167,0.210867,0.73125,0.289796,192,1977,2169,0,1.7111914045509267,1.0984922112534783,0,0
408,2012-12-02,1,1,2,False,0,False,1,0.1275,0.101658,0.464583,0.409212,73,1456,1529,0,2.261461556249705,-1.0824301051212195,0,1
409,2012-02-13,1,1,2,False,1,True,1,0.2225,0.227913,0.41125,0.167283,94,3328,3422,0,1.2811944322274023,-1.2407249522223638,0,0
410,2012-02-14,1,1,2,False,2,True,2,0.319167,0.333946,0.50875,0.141179,135,3787,3922,0,1.015865391600213,-0.3124667890041339,0,0
411,2012-02-15,1,1,2,False,3,True,1,0.348333,0.351629,0.53125,0.1816,141,4028,4169,0,0.9373675645068636,-1.0914933871883223,0,0
412,2012-02-16,1,1,2,False,4,True,2,0.316667,0.330162,0.752917,0.091425,74,2931,3005,0,0.8935106299355351,0.5603396996782491,0,0
413,2012-02-17,1,1,2,False,5,True,1,0.343333,0.351629,0.634583,0.205846,349,3805,4154,0,0.9257274724846944,-0.8383583015630689,0,0
414,2012-02-18,1,1,2,False,6,False,1,0.346667,0.355425,0.534583,0.190929,1435,2883,4318,0,0.9770203634488512,-1.1949504075556232,0,0
415,2012-02-19,1,1,2,False,0,False,2,0.28,0.265788,0.515833,0.253112,618,2071,2689,0,1.567567029235734,-0.2451930702122686,0,0
416,2012-02-20,1,1,2,True,1,False,1,0.28,0.273391,0.507826,0.229083,502,2627,3129,0,1.5057419893472814,-1.0734950721336816,0,0
417,2012-02-21,1,1,2,False,2,True,1,0.287826,0.295113,0.594348,0.205717,163,3614,3777,0,1.1012389537155587,-0.8376158714356484,0,0
418,2012-02-22,1,1,2,False,3,True,1,0.395833,0.392667,0.567917,0.234471,394,4379,4773,0,0.8698819443624212,-1.1473581802652584,0,0
419,2012-02-23,1,1,2,False,4,True,1,0.454167,0.444446,0.554583,0.190913,516,4546,5062,0,0.6523277856206379,-1.2177763598466713,0,0
420,2012-02-24,1,1,2,False,5,True,2,0.4075,0.410971,0.7375,0.237567,246,3241,3487,0,1.013544895088845,0.22840226948834685,0,0
421,2012-02-25,1,1,2,False,6,False,1,0.290833,0.255675,0.395833,0.421642,317,2415,2732,0,1.8857635361349574,-1.62222320511704,0,1
422,2012-02-26,1,1,2,False,0,False,1,0.279167,0.268308,0.41,0.205229,515,2874,3389,0,1.353001329187344,-1.3360803733238988,0,0
423,2012-02-27,1,1,2,False,1,True,1,0.366667,0.357954,0.490833,0.268033,253,4069,4322,0,1.1106177857230985,-1.3092651348989497,0,0
424,2012-02-28,1,1,2,False,2,True,1,0.359167,0.353525,0.395833,0.193417,229,4134,4363,0,1.0059293813736003,-1.5208599968236474,0,0
425,2012-02-29,1,1,2,False,3,True,2,0.344348,0.34847,0.804783,0.179117,65,1769,1834,0,1.1996511618385424,0.7745838330644538,0,0
426,2012-01-03,1,1,3,False,4,True,1,0.485833,0.475371,0.615417,0.226987,325,4665,4990,0,0.577460084383233,-1.0352091349481827,0,0
427,2012-02-03,1,1,3,False,5,True,2,0.353333,0.359842,0.657083,0.144904,246,2948,3194,0,0.899865357522097,0.21019986127076012,0,0
428,2012-03-03,1,1,3,False,6,False,2,0.414167,0.413492,0.62125,0.161079,956,3110,4066,0,0.7895424623604027,-0.11549259821285386,0,0
429,2012-04-03,1,1,3,False,0,False,1,0.325833,0.303021,0.403333,0.334571,710,2713,3423,0,1.4844711911486088,-1.4788524458894698,0,0
430,2012-05-03,1,1,3,False,1,True,1,0.243333,0.241171,0.50625,0.228858,203,3130,3333,0,1.258467201033845,-0.9790339180095547,0,0
431,2012-06-03,1,1,3,False,2,True,1,0.258333,0.255042,0.456667,0.200875,221,3735,3956,0,1.1056878325767605,-1.1991379336145145,0,0
432,2012-07-03,1,1,3,False,3,True,1,0.404167,0.3851,0.513333,0.345779,432,4484,4916,0,1.028195831596891,-1.4079385242451585,0,0
433,2012-08-03,1,1,3,False,4,True,1,0.5275,0.524604,0.5675,0.441563,486,4896,5382,0,0.9535020681854272,-1.491047357730631,0,0
434,2012-09-03,1,1,3,False,5,True,2,0.410833,0.397083,0.407083,0.4148,447,4122,4569,0,1.3454984553364575,-1.0440372595283656,0,0
435,2012-10-03,1,1,3,False,6,False,1,0.2875,0.277767,0.350417,0.22575,968,3150,4118,0,1.196019414091338,-1.6728008094901055,0,0
436,2012-11-03,1,1,3,False,0,False,1,0.361739,0.35967,0.476957,0.222587,1658,3253,4911,0,0.9161397161254717,-1.354755877049405,0,0
437,2012-12-03,1,1,3,False,1,True,1,0.466667,0.459592,0.489167,0.207713,838,4460,5298,0,0.6074327956176877,-1.3760749892564978,0,0
438,2012-03-13,1,1,3,False,2,True,1,0.565,0.542929,0.6175,0.23695,762,5085,5847,2,0.3649973219225935,-1.1654673862603535,0,0
439,2012-03-14,1,1,3,False,3,True,1,0.5725,0.548617,0.507083,0.115062,997,5315,6312,2,0.08067499739647208,-1.4337146641346716,0,0
440,2012-03-15,1,1,3,False,4,True,1,0.5575,0.532825,0.579583,0.149883,1005,5187,6192,2,0.14618122604880723,-1.2503466905312228,0,0
441,2012-03-16,1,1,3,False,5,True,2,0.435833,0.436229,0.842083,0.113192,548,3830,4378,1,0.4194808839759792,0.591385141320051,0,0
442,2012-03-17,1,1,3,False,6,False,2,0.514167,0.505046,0.755833,0.110704,3155,4681,7836,2,-0.1249610277062387,-0.22155786741783126,0,0
443,2012-03-18,1,1,3,False,0,False,2,0.4725,0.464,0.81,0.126883,2207,3685,5892,1,0.2666162760132866,0.2875462239970166,0,0
444,2012-03-19,1,1,3,False,1,True,1,0.545,0.532821,0.72875,0.162317,982,5171,6153,2,0.1206507081556992,-0.7720740739938804,0,0
445,2012-03-20,1,1,3,False,2,True,1,0.560833,0.538533,0.807917,0.121271,1051,5042,6093,2,-0.03480830164298934,-0.5058772935929058,0,0
446,2012-03-21,2,1,3,False,3,True,2,0.531667,0.513258,0.82125,0.0895583,1122,5108,6230,1,-0.3128155175323226,0.4109862194473682,0,0
447,2012-03-22,2,1,3,False,4,True,1,0.554167,0.531567,0.83125,0.117562,1334,5537,6871,2,-0.46225173127442615,-0.44134091447521023,0,0
448,2012-03-23,2,1,3,False,5,True,2,0.601667,0.570067,0.694167,0.1163,2469,5893,8362,2,-0.614746960854161,-0.34378442869524006,0,0
449,2012-03-24,2,1,3,False,6,False,2,0.5025,0.486733,0.885417,0.192783,1033,2339,3372,1,0.39686860353264897,0.8024352227957233,0,0
450,2012-03-25,2,1,3,False,0,False,2,0.4375,0.437488,0.880833,0.220775,1532,3464,4996,1,0.33058581130329445,0.6506545041627538,0,0
451,2012-03-26,2,1,3,False,1,True,1,0.445833,0.43875,0.477917,0.386821,795,4763,5558,0,0.7079160658393795,-1.5146015623420142,0,0
452,2012-03-27,2,1,3,False,2,True,1,0.323333,0.315654,0.29,0.187192,531,4571,5102,2,0.6262904930188146,-1.7378408201853537,0,0
453,2012-03-28,2,1,3,False,3,True,1,0.484167,0.47095,0.48125,0.291671,674,5024,5698,2,0.41406848408687535,-1.4622335353887492,0,0
454,2012-03-29,2,1,3,False,4,True,1,0.494167,0.482304,0.439167,0.31965,834,5299,6133,2,0.414157468492382,-1.6955302819811127,0,0
455,2012-03-30,2,1,3,False,5,True,2,0.37,0.375621,0.580833,0.138067,796,4663,5459,2,0.27425701836196187,-0.19992233724069164,0,0
456,2012-03-31,2,1,3,False,6,False,2,0.424167,0.421708,0.738333,0.250617,2301,3934,6235,2,0.27875370235879726,-0.04908770358020379,0,0
457,2012-01-04,2,1,4,False,0,False,2,0.425833,0.417287,0.67625,0.172267,2347,3694,6041,2,0.12242708016235532,0.015406736004144106,0,0
458,2012-02-04,2,1,4,False,1,True,1,0.433913,0.427513,0.504348,0.312139,1208,4728,5936,2,0.40504648940973476,-1.3493695703726216,0,0
459,2012-03-04,2,1,4,False,2,True,1,0.466667,0.461483,0.396667,0.100133,1348,5424,6772,2,-0.16908053231505343,-1.5700042012898363,0,0
460,2012-04-04,2,1,4,False,3,True,1,0.541667,0.53345,0.469583,0.180975,1058,5378,6436,2,-0.09615145244354976,-1.4495951388141344,0,0
461,2012-05-04,2,1,4,False,4,True,1,0.435,0.431163,0.374167,0.219529,1192,5265,6457,2,0.18637472286178264,-1.741552562198159,0,0
462,2012-06-04,2,1,4,False,5,True,1,0.403333,0.390767,0.377083,0.300388,1807,4653,6460,2,0.3985917324867519,-1.8240169237944768,0,0
463,2012-07-04,2,1,4,False,6,False,1,0.4375,0.426129,0.254167,0.274871,3252,3605,6857,2,0.3618553421782992,-2.2820664750944077,1,1
464,2012-08-04,2,1,4,False,0,False,1,0.5,0.492425,0.275833,0.232596,2230,2939,5169,2,0.46158409083723784,-1.885676061823102,0,0
465,2012-09-04,2,1,4,False,1,True,1,0.489167,0.476638,0.3175,0.358196,905,4680,5585,2,0.5965996119550254,-1.9292209756476053,1,1
466,2012-10-04,2,1,4,False,2,True,1,0.446667,0.436233,0.435,0.249375,819,5099,5918,2,0.29122707525006253,-1.5001654902378538,0,0
467,2012-11-04,2,1,4,False,3,True,1,0.348696,0.337274,0.469565,0.295274,482,4380,4862,0,0.6645775820416966,-1.27526862881636,0,0
468,2012-12-04,2,1,4,False,4,True,1,0.3975,0.387604,0.46625,0.290429,663,4746,5409,2,0.4982484283329244,-1.3905743257344767,0,0
469,2012-04-13,2,1,4,False,5,True,1,0.4425,0.431808,0.408333,0.155471,1252,5146,6398,2,0.020027522957595408,-1.5781445316167415,0,0
470,2012-04-14,2,1,4,False,6,False,1,0.495,0.487996,0.502917,0.190917,2795,4665,7460,2,-0.14612917066264164,-1.5636436054974139,0,0
471,2012-04-15,2,1,4,False,0,False,1,0.606667,0.573875,0.507917,0.225129,2846,4286,7132,2,-0.14928347427386396,-1.510395530790873,0,0
472,2012-04-16,2,1,4,True,1,False,1,0.664167,0.614925,0.561667,0.284829,1198,5172,6370,2,0.10681250298962718,-1.375941171287192,0,0
473,2012-04-17,2,1,4,False,2,True,1,0.608333,0.598487,0.390417,0.273629,989,5702,6691,2,0.025982606464052652,-1.8387207495242655,0,0
474,2012-04-18,2,1,4,False,3,True,2,0.463333,0.457038,0.569167,0.167912,347,4020,4367,0,0.3122948774920196,-0.08546488085383824,0,0
475,2012-04-19,2,1,4,False,4,True,1,0.498333,0.493046,0.6125,0.0659292,846,5719,6565,2,-0.3978680595870896,-0.9105511708297777,0,0
476,2012-04-20,2,1,4,False,5,True,1,0.526667,0.515775,0.694583,0.149871,1340,5950,7290,2,-0.4228693982903285,-0.8894067475065245,0,0
477,2012-04-21,2,1,4,False,6,False,1,0.57,0.542921,0.682917,0.283587,2541,4083,6624,2,-0.03064006967354109,-1.059290639538947,0,0
478,2012-04-22,2,1,4,False,0,False,3,0.396667,0.389504,0.835417,0.344546,120,907,1027,1,1.283479586794064,1.7236557056469788,0,0
479,2012-04-23,2,1,4,False,1,True,2,0.321667,0.301125,0.766667,0.303496,195,3019,3214,0,0.871763138916404,0.5933679118994585,0,0
480,2012-04-24,2,1,4,False,2,True,1,0.413333,0.405283,0.454167,0.249383,518,5115,5633,2,0.37010978869156336,-1.389559570792565,0,0
481,2012-04-25,2,1,4,False,3,True,1,0.476667,0.470317,0.427917,0.118792,655,5541,6196,2,-0.07770385686321249,-1.4393611258227779,0,0
482,2012-04-26,2,1,4,False,4,True,2,0.498333,0.483583,0.756667,0.176625,475,4551,5026,1,0.060449202779034567,0.3368179155057288,0,0
483,2012-04-27,2,1,4,False,5,True,1,0.4575,0.452637,0.400833,0.347633,1014,5219,6233,2,0.44607809820435207,-1.8015938657067323,0,0
484,2012-04-28,2,1,4,False,6,False,2,0.376667,0.377504,0.489583,0.129975,1120,3100,4220,0,0.4645875409537945,-0.30009398500646794,0,0
485,2012-04-29,2,1,4,False,0,False,1,0.458333,0.450121,0.587083,0.116908,2229,4075,6304,2,-0.09746127755086051,-0.9739482536887178,0,0
486,2012-04-30,2,1,4,False,1,True,2,0.464167,0.457696,0.57,0.171638,665,4907,5572,2,0.14252275776707346,-0.2234740585811637,0,0
487,2012-01-05,2,1,5,False,2,True,2,0.613333,0.577021,0.659583,0.156096,653,5087,5740,2,-0.26812379913439177,0.000957864011082039,0,0
488,2012-02-05,2,1,5,False,3,True,1,0.564167,0.537896,0.797083,0.138058,667,5502,6169,2,-0.46272993572192245,-0.3620692808778103,0,0
489,2012-03-05,2,1,5,False,4,True,2,0.56,0.537242,0.768333,0.133696,764,5657,6421,1,-0.42451480119410173,0.2503581739771216,0,0
490,2012-04-05,2,1,5,False,5,True,1,0.6275,0.590917,0.735417,0.162938,1069,5227,6296,2,-0.4892574906767588,-0.6463153007848416,0,0
491,2012-05-05,2,1,5,False,6,False,2,0.621667,0.584608,0.756667,0.152992,2496,4387,6883,2,-0.48572211317583913,0.03365116989910069,0,0
492,2012-06-05,2,1,5,False,0,False,2,0.5625,0.546737,0.74,0.149879,2135,4224,6359,1,-0.2878923108773866,0.17091876475121798,0,0
493,2012-07-05,2,1,5,False,1,True,2,0.5375,0.527142,0.664167,0.230721,1008,5265,6273,2,-0.08057679023108617,-0.09317632122558983,0,0
494,2012-08-05,2,1,5,False,2,True,2,0.581667,0.557471,0.685833,0.296029,738,4990,5728,2,0.06539699074657322,-0.06341725561225414,0,0
495,2012-09-05,2,1,5,False,3,True,2,0.575,0.553025,0.744167,0.216412,620,4097,4717,1,0.0175517903694706,0.3247611476323259,0,0
496,2012-10-05,2,1,5,False,4,True,1,0.505833,0.491783,0.552083,0.314063,1026,5546,6572,2,0.08304025323251601,-1.3238410727504946,0,0
497,2012-11-05,2,1,5,False,5,True,1,0.533333,0.520833,0.360417,0.236937,1319,5711,7030,2,-0.08124287795503488,-1.890095750527421,0,1
498,2012-12-05,2,1,5,False,6,False,1,0.564167,0.544817,0.480417,0.123133,2622,4807,7429,2,-0.4539282479686001,-1.5321104291935743,0,0
499,2012-05-13,2,1,5,False,0,False,1,0.6125,0.585238,0.57625,0.225117,2172,3946,6118,2,-0.12523991093303227,-1.124927225747421,0,0
500,2012-05-14,2,1,5,False,1,True,2,0.573333,0.5499,0.789583,0.212692,342,2501,2843,1,0.28417988324124716,0.7464247095707385,0,0
501,2012-05-15,2,1,5,False,2,True,2,0.611667,0.576404,0.794583,0.147392,625,4490,5115,1,-0.27066177540923714,0.49400402277739813,0,0
502,2012-05-16,2,1,5,False,3,True,1,0.636667,0.595975,0.697917,0.122512,991,6433,7424,2,-0.731046474295343,-0.8407216190767582,0,0
503,2012-05-17,2,1,5,False,4,True,1,0.593333,0.572613,0.52,0.229475,1242,6142,7384,2,-0.32852345727254373,-1.4737574410843572,0,0
504,2012-05-18,2,1,5,False,5,True,1,0.564167,0.551121,0.523333,0.136817,1521,6118,7639,2,-0.535451315582953,-1.394597467157897,0,0
505,2012-05-19,2,1,5,False,6,False,1,0.6,0.566908,0.45625,0.083975,3410,4884,8294,2,-0.707898641053385,-1.6933087441346792,0,0
506,2012-05-20,2,1,5,False,0,False,1,0.620833,0.583967,0.530417,0.254367,2704,4425,7129,2,-0.2017618474012226,-1.434257269818966,0,0
507,2012-05-21,2,1,5,False,1,True,2,0.598333,0.565667,0.81125,0.233204,630,3729,4359,1,0.04597769087626087,0.5692617838408673,0,0
508,2012-05-22,2,1,5,False,2,True,2,0.615,0.580825,0.765833,0.118167,819,5254,6073,1,-0.46931981854493665,0.3104837312597067,0,0
509,2012-05-23,2,1,5,False,3,True,2,0.621667,0.584612,0.774583,0.102,766,4494,5260,1,-0.39839397298736157,0.44797713200234307,0,0
510,2012-05-24,2,1,5,False,4,True,1,0.655,0.6067,0.716667,0.172896,1059,5711,6770,2,-0.5627522176507338,-0.775926195429482,0,0
511,2012-05-25,2,1,5,False,5,True,1,0.68,0.627529,0.747083,0.14055,1417,5317,6734,2,-0.6859854382502892,-0.6705718800160473,0,0
512,2012-05-26,2,1,5,False,6,False,1,0.6925,0.642696,0.7325,0.198992,2855,3681,6536,2,-0.48464826290091767,-0.8134922351709136,0,0
513,2012-05-27,2,1,5,False,0,False,1,0.69,0.641425,0.697083,0.215171,3283,3308,6591,2,-0.40213098232835726,-0.858173022590498,0,0
514,2012-05-28,2,1,5,True,1,False,1,0.7125,0.6793,0.67625,0.196521,2557,3486,6043,2,-0.25459807191290257,-0.8677804043271043,0,0
515,2012-05-29,2,1,5,False,2,True,1,0.7225,0.672992,0.684583,0.2954,880,4863,5743,2,-0.20239264336385937,-0.8720916624805982,0,0
516,2012-05-30,2,1,5,False,3,True,2,0.656667,0.611129,0.67,0.134329,745,6110,6855,2,-0.559817741702752,-0.12956360329603392,0,0
517,2012-05-31,2,1,5,False,4,True,1,0.68,0.631329,0.492917,0.195279,1100,6238,7338,2,-0.4999259164051902,-1.5487211416159352,0,0
518,2012-01-06,2,1,6,False,5,True,2,0.654167,0.607962,0.755417,0.237563,533,3594,4127,1,-0.055706710121964875,0.3986411377053561,0,0
519,2012-02-06,2,1,6,False,6,False,1,0.583333,0.566288,0.549167,0.186562,2795,5325,8120,2,-0.5749090657976648,-1.4551288183289752,0,0
520,2012-03-06,2,1,6,False,0,False,1,0.6025,0.575133,0.493333,0.184087,2494,5147,7641,2,-0.46796774202726016,-1.476238872550721,0,0
521,2012-04-06,2,1,6,False,1,True,1,0.5975,0.578283,0.487083,0.284833,1071,5927,6998,2,-0.20181808531633091,-1.491428948124713,0,0
522,2012-05-06,2,1,6,False,2,True,2,0.540833,0.525892,0.613333,0.209575,968,6033,7001,2,-0.30054857793305084,-0.2845242588685253,0,0
523,2012-06-06,2,1,6,False,3,True,1,0.554167,0.542292,0.61125,0.077125,1027,6028,7055,2,-0.6870515734470336,-0.9072364551983555,0,0
524,2012-07-06,2,1,6,False,4,True,1,0.6025,0.569442,0.567083,0.15735,1038,6456,7494,2,-0.6264524735529609,-1.2239086438488052,0,0
525,2012-08-06,2,1,6,False,5,True,1,0.649167,0.597862,0.467917,0.175383,1488,6248,7736,2,-0.6342807251870787,-1.6047312921606975,0,0
526,2012-09-06,2,1,6,False,6,False,1,0.710833,0.648367,0.437083,0.144287,2708,4790,7498,2,-0.6796378281062767,-1.7117375866750957,0,0
527,2012-10-06,2,1,6,False,0,False,1,0.726667,0.663517,0.538333,0.133721,2224,4374,6598,2,-0.6166654517593443,-1.202460954104307,0,0
528,2012-11-06,2,1,6,False,1,True,2,0.720833,0.659721,0.587917,0.207713,1017,5647,6664,2,-0.4829073284367003,-0.3806270198979607,0,0
529,2012-12-06,2,1,6,False,2,True,2,0.653333,0.597875,0.833333,0.214546,477,4495,4972,1,-0.2675505212219643,0.5815138262039652,0,0
530,2012-06-13,2,1,6,False,3,True,1,0.655833,0.611117,0.582083,0.343279,1173,6248,7421,2,-0.29029639862902634,-1.390302788270139,0,0
531,2012-06-14,2,1,6,False,4,True,1,0.648333,0.624383,0.569583,0.253733,1180,6183,7363,2,-0.462581023290356,-1.328706963100926,0,0
532,2012-06-15,2,1,6,False,5,True,1,0.639167,0.599754,0.589583,0.176617,1563,6102,7665,2,-0.681177868023317,-1.2336663351689552,0,0
533,2012-06-16,2,1,6,False,6,False,1,0.631667,0.594708,0.504167,0.166667,2963,4739,7702,2,-0.5932764915878078,-1.5306423582831075,0,0
534,2012-06-17,2,1,6,False,0,False,1,0.5925,0.571975,0.59875,0.144904,2634,4344,6978,2,-0.500999252974731,-1.0268588642652734,0,0
535,2012-06-18,2,1,6,False,1,True,2,0.568333,0.544842,0.777917,0.174746,653,4446,5099,1,-0.21587621511636607,0.4993596447647271,0,0
536,2012-06-19,2,1,6,False,2,True,1,0.688333,0.654692,0.69,0.148017,968,5857,6825,2,-0.7279821731635099,-0.7721524684973139,0,0
537,2012-06-20,2,1,6,False,3,True,1,0.7825,0.720975,0.592083,0.113812,872,5339,6211,2,-0.7837351291021173,-0.99586194017955,0,0
538,2012-06-21,3,1,6,False,4,True,1,0.805833,0.752542,0.567917,0.118787,778,5127,5905,2,-1.0322713106156713,-0.9333401992917624,0,0
539,2012-06-22,3,1,6,False,5,True,1,0.7775,0.724121,0.57375,0.182842,964,4859,5823,2,-0.8497948690230817,-0.9782305539451063,0,0
540,2012-06-23,3,1,6,False,6,False,1,0.731667,0.652792,0.534583,0.179721,2657,4801,7458,2,-0.9691528462855604,-1.3464212203406125,0,0
541,2012-06-24,3,1,6,False,0,False,1,0.743333,0.674254,0.479167,0.145525,2551,4340,6891,2,-0.9071992783250755,-1.3150588028061907,0,0
542,2012-06-25,3,1,6,False,1,True,1,0.715833,0.654042,0.504167,0.300383,1139,5640,6779,2,-0.5935623692000154,-1.3611535672409818,0,0
543,2012-06-26,3,1,6,False,2,True,1,0.630833,0.594704,0.373333,0.347642,1077,6365,7442,2,-0.4000197510155687,-1.8645616475105342,0,0
544,2012-06-27,3,1,6,False,3,True,1,0.6975,0.640792,0.36,0.271775,1077,6258,7335,2,-0.6380223921538577,-1.8484950232354185,0,0
545,2012-06-28,3,1,6,False,4,True,1,0.749167,0.675512,0.4225,0.17165,921,5958,6879,2,-0.9001656989794216,-1.5273892800113689,0,0
546,2012-06-29,3,1,6,False,5,True,1,0.834167,0.786613,0.48875,0.165417,829,4634,5463,2,-0.858907290478632,-1.18603266404928,0,0
547,2012-06-30,3,1,6,False,6,False,1,0.765,0.687508,0.60125,0.161071,1455,4232,5687,2,-0.8229476532608849,-0.9036033183715475,0,0
548,2012-01-07,3,1,7,False,0,False,1,0.815833,0.750629,0.51875,0.168529,1421,4110,5531,2,-0.8551069168980611,-1.023970222257948,0,0
549,2012-02-07,3,1,7,False,1,True,1,0.781667,0.702038,0.447083,0.195267,904,5323,6227,2,-0.8759089652602435,-1.316880868502848,0,0
550,2012-03-07,3,1,7,False,2,True,1,0.780833,0.70265,0.492083,0.126237,1052,5608,6660,2,-1.1241685227195284,-1.1790434608912725,0,0
551,2012-04-07,3,1,7,True,3,False,1,0.789167,0.732337,0.53875,0.13495,2562,4841,7403,2,-1.0810271913152414,-1.2310497970619667,0,0
552,2012-05-07,3,1,7,False,4,True,1,0.8275,0.761367,0.457917,0.194029,1405,4836,6241,2,-0.9667205550714316,-1.3487776902834312,0,0
553,2012-06-07,3,1,7,False,5,True,1,0.828333,0.752533,0.450833,0.146142,1366,4841,6207,2,-1.0672908574294029,-1.3253741617596166,0,0
554,2012-07-07,3,1,7,False,6,False,1,0.861667,0.804913,0.492083,0.163554,1448,3392,4840,2,-0.8373614140286538,-1.1082266331018875,0,0
555,2012-08-07,3,1,7,False,0,False,1,0.8225,0.790396,0.57375,0.125629,1203,3469,4672,2,-0.8582558953290058,-0.6998635145550663,0,0
556,2012-09-07,3,1,7,False,1,True,2,0.710833,0.654054,0.683333,0.180975,998,5571,6569,2,-0.9373088017896266,0.11950984022280628,0,0
557,2012-10-07,3,1,7,False,2,True,2,0.720833,0.664796,0.6675,0.151737,954,5336,6290,2,-0.96695087480831,0.12519895312788595,0,0
558,2012-11-07,3,1,7,False,3,True,1,0.716667,0.650271,0.633333,0.151733,975,6289,7264,2,-1.1644090692854832,-0.8585088334999345,0,0
559,2012-12-07,3,1,7,False,4,True,1,0.715833,0.654683,0.529583,0.146775,1032,6414,7446,2,-1.1437447874368367,-1.1967452505222598,0,0
560,2012-07-13,3,1,7,False,5,True,2,0.731667,0.667933,0.485833,0.08085,1511,5988,7499,2,-1.2270109131468316,-0.5411742868832435,0,0
561,2012-07-14,3,1,7,False,6,False,2,0.703333,0.666042,0.699167,0.143679,2355,4614,6969,2,-1.0473996286602576,0.04597282015230164,0,0
562,2012-07-15,3,1,7,False,0,False,1,0.745833,0.705196,0.717917,0.166667,1920,4111,6031,2,-0.9608098092384941,-0.4711816591016493,0,0
563,2012-07-16,3,1,7,False,1,True,1,0.763333,0.724125,0.645,0.164187,1088,5742,6830,2,-1.132252924809776,-0.7727051167036869,0,0
564,2012-07-17,3,1,7,False,2,True,1,0.818333,0.755683,0.505833,0.114429,921,5865,6786,2,-1.230021364660389,-1.1597236787255003,0,0
565,2012-07-18,3,1,7,False,3,True,1,0.793333,0.745583,0.577083,0.137442,799,4914,5713,2,-1.027968777566144,-0.832438394893732,0,0
566,2012-07-19,3,1,7,False,4,True,1,0.77,0.714642,0.600417,0.165429,888,5703,6591,2,-1.089955663025303,-0.9180102547915188,0,0
567,2012-07-20,3,1,7,False,5,True,2,0.665833,0.613025,0.844167,0.208967,747,5123,5870,1,-0.8246522489229356,0.6211901331784345,0,0
568,2012-07-21,3,1,7,False,6,False,3,0.595833,0.549912,0.865417,0.2133,1264,3195,4459,1,-0.3914905488808939,1.5865259233872895,0,0
569,2012-07-22,3,1,7,False,0,False,2,0.6675,0.623125,0.7625,0.0939208,2544,4866,7410,1,-1.1816089278422661,0.32932774378229357,0,0
570,2012-07-23,3,1,7,False,1,True,1,0.741667,0.690017,0.694167,0.138683,1135,5831,6966,2,-1.2085014036754282,-0.6076576811108527,0,0
571,2012-07-24,3,1,7,False,2,True,1,0.750833,0.70645,0.655,0.211454,1140,6452,7592,2,-1.1414175137842302,-0.9085209742041903,0,0
572,2012-07-25,3,1,7,False,3,True,1,0.724167,0.654054,0.45,0.1648,1383,6790,8173,2,-1.1748850137923599,-1.540100582280824,0,0
573,2012-07-26,3,1,7,False,4,True,1,0.776667,0.739263,0.596667,0.284813,1036,5825,6861,2,-0.8797537346131905,-1.1036036742619142,0,0
574,2012-07-27,3,1,7,False,5,True,1,0.781667,0.734217,0.594583,0.152992,1259,5645,6904,2,-1.1831919876628558,-0.9831530923455792,0,0
575,2012-07-28,3,1,7,False,6,False,1,0.755833,0.697604,0.613333,0.15735,2234,4451,6685,2,-1.0628582994546003,-0.9463162615685848,0,0
576,2012-07-29,3,1,7,False,0,False,1,0.721667,0.667933,0.62375,0.170396,2153,4444,6597,2,-0.948900520675637,-0.8184299346497487,0,0
577,2012-07-30,3,1,7,False,1,True,1,0.730833,0.684987,0.66875,0.153617,1040,6065,7105,2,-1.1669278946098358,-0.713236248206587,0,0
578,2012-07-31,3,1,7,False,2,True,1,0.713333,0.662896,0.704167,0.165425,968,6248,7216,2,-1.1608842696571398,-0.643332916315581,0,0
579,2012-01-08,3,1,8,False,3,True,1,0.7175,0.667308,0.6775,0.141179,1074,6506,7580,2,-1.3472288736453988,-0.7109042457169873,0,0
580,2012-02-08,3,1,8,False,4,True,1,0.7525,0.707088,0.659583,0.129354,983,6278,7261,2,-1.366513705177088,-0.7371246255857313,0,0
581,2012-03-08,3,1,8,False,5,True,2,0.765833,0.722867,0.6425,0.215792,1328,5847,7175,2,-1.1105942534382571,-0.15494267315047452,0,0
582,2012-04-08,3,1,8,False,6,False,1,0.793333,0.751267,0.613333,0.257458,2345,4479,6824,2,-1.0023450265292386,-1.046511668574744,0,0
583,2012-05-08,3,1,8,False,0,False,1,0.769167,0.731079,0.6525,0.290421,1707,3757,5464,2,-0.6799438109080593,-0.6880504939799763,0,0
584,2012-06-08,3,1,8,False,1,True,2,0.7525,0.710246,0.654167,0.129354,1233,5780,7013,2,-1.241082504854321,0.061278029315750514,0,0
585,2012-07-08,3,1,8,False,2,True,2,0.735833,0.697621,0.70375,0.116908,1278,5995,7273,2,-1.3205436893905402,0.1796033133800615,0,0
586,2012-08-08,3,1,8,False,3,True,2,0.75,0.707717,0.672917,0.1107,1263,6271,7534,2,-1.3804003395732625,0.03975320529743332,0,0
587,2012-09-08,3,1,8,False,4,True,1,0.755833,0.699508,0.620417,0.1561,1196,6090,7286,2,-1.2930253995320047,-0.8875545036922478,0,0
588,2012-10-08,3,1,8,False,5,True,2,0.715833,0.667942,0.715833,0.238813,1065,4721,5786,1,-0.8209031432670427,0.24704552203893682,0,0
589,2012-11-08,3,1,8,False,6,False,2,0.6925,0.638267,0.732917,0.206479,2247,4052,6299,2,-0.8958862615261503,0.21965194776805427,0,0
590,2012-12-08,3,1,8,False,0,False,1,0.700833,0.644579,0.530417,0.122512,2182,4362,6544,2,-1.041170705429154,-0.9732613234510582,0,0
591,2012-08-13,3,1,8,False,1,True,1,0.720833,0.662254,0.545417,0.136212,1207,5676,6883,2,-1.1636765035757797,-0.9728046707540744,0,0
592,2012-08-14,3,1,8,False,2,True,1,0.726667,0.676779,0.686667,0.169158,1128,5656,6784,2,-1.1766602004052444,-0.5974199400693727,0,0
593,2012-08-15,3,1,8,False,3,True,1,0.706667,0.654037,0.619583,0.169771,1198,6149,7347,2,-1.19857053914173,-0.8769685614958668,0,0
594,2012-08-16,3,1,8,False,4,True,1,0.719167,0.654688,0.519167,0.141796,1338,6267,7605,2,-1.2602419352344305,-1.1959187873829211,0,0
595,2012-08-17,3,1,8,False,5,True,1,0.723333,0.2424,0.570833,0.231354,1483,5665,7148,2,-1.037837879078817,-1.098681370559754,0,0
596,2012-08-18,3,1,8,False,6,False,1,0.678333,0.618071,0.603333,0.177867,2827,5038,7865,2,-1.1694800106126306,-1.0745482050391817,0,0
597,2012-08-19,3,1,8,False,0,False,2,0.635833,0.603554,0.711667,0.08645,1208,3341,4549,1,-0.7626842108544329,0.6410091611308342,0,0
598,2012-08-20,3,1,8,False,1,True,2,0.635833,0.595967,0.734167,0.129979,1026,5504,6530,1,-1.0512113323013221,0.4157540487425316,0,0
599,2012-08-21,3,1,8,False,2,True,1,0.649167,0.601025,0.67375,0.0727708,1081,5925,7006,2,-1.3040560775447192,-0.5210162154907131,0,0
600,2012-08-22,3,1,8,False,3,True,1,0.6675,0.621854,0.677083,0.0702833,1094,6281,7375,2,-1.3992879127015296,-0.5811028777392515,0,0
601,2012-08-23,3,1,8,False,4,True,1,0.695833,0.637008,0.635833,0.0845958,1363,6402,7765,2,-1.4479732795752704,-0.7988808111349955,0,0
602,2012-08-24,3,1,8,False,5,True,2,0.7025,0.6471,0.615,0.0721458,1325,6257,7582,2,-1.3799674941909936,-0.09985222023189318,0,0
603,2012-08-25,3,1,8,False,6,False,2,0.661667,0.618696,0.712917,0.244408,1829,4224,6053,2,-0.7202777587299508,0.16569295884743904,0,0
604,2012-08-26,3,1,8,False,0,False,2,0.653333,0.595996,0.845833,0.228858,1483,3772,5255,1,-0.6695703049996217,0.771118899507906,0,0
605,2012-08-27,3,1,8,False,1,True,1,0.703333,0.654688,0.730417,0.128733,989,5928,6917,2,-1.2740427993377281,-0.41627161388925615,0,0
606,2012-08-28,3,1,8,False,2,True,1,0.728333,0.66605,0.62,0.190925,935,6105,7040,2,-1.1305437416524666,-0.8538448037889746,0,0
607,2012-08-29,3,1,8,False,3,True,1,0.685,0.635733,0.552083,0.112562,1177,6520,7697,2,-1.3052544828559172,-1.0487070187888414,0,0
608,2012-08-30,3,1,8,False,4,True,1,0.706667,0.652779,0.590417,0.0771167,1172,6541,7713,2,-1.4434549676828803,-0.9220773065141229,0,0
609,2012-08-31,3,1,8,False,5,True,1,0.764167,0.6894,0.5875,0.168533,1433,5917,7350,2,-1.272550231803476,-1.0250807787835634,0,0
610,2012-01-09,3,1,9,False,6,False,2,0.753333,0.702654,0.638333,0.113187,2352,3788,6140,2,-1.1834421437491651,0.08903302033246038,0,0
611,2012-02-09,3,1,9,False,0,False,2,0.696667,0.649,0.815,0.0640708,2613,3197,5810,1,-1.2373146688001377,0.819830241276892,0,0
612,2012-03-09,3,1,9,True,1,False,1,0.7075,0.661629,0.790833,0.151121,1965,4069,6034,2,-1.0299744963139543,-0.15703806437987905,0,0
613,2012-04-09,3,1,9,False,2,True,1,0.725833,0.686888,0.755,0.236321,867,5997,6864,2,-1.1668492004729836,-0.43350983672525056,0,0
614,2012-05-09,3,1,9,False,3,True,1,0.736667,0.708983,0.74125,0.187808,832,6280,7112,2,-1.3222787666589924,-0.4720126248946076,0,0
615,2012-06-09,3,1,9,False,4,True,2,0.696667,0.655329,0.810417,0.142421,611,5592,6203,1,-1.2034057233050865,0.6494903579541492,0,0
616,2012-07-09,3,1,9,False,5,True,1,0.703333,0.657204,0.73625,0.171646,1045,6459,7504,2,-1.378665499468587,-0.5344571677512945,0,0
617,2012-08-09,3,1,9,False,6,False,2,0.659167,0.611121,0.799167,0.281104,1557,4419,5976,1,-0.7609171499444715,0.43886353281374163,0,0
618,2012-09-09,3,1,9,False,0,False,1,0.61,0.578925,0.5475,0.224496,2570,5657,8227,2,-1.0468702133883234,-1.1759696277735472,0,0
619,2012-10-09,3,1,9,False,1,True,1,0.583333,0.565654,0.50375,0.258713,1118,6407,7525,2,-0.8627168703183448,-1.2084221927565835,0,0
620,2012-11-09,3,1,9,False,2,True,1,0.5775,0.554292,0.52,0.0920542,1070,6697,7767,2,-1.268630545465646,-1.0167404063678473,0,0
621,2012-12-09,3,1,9,False,3,True,1,0.599167,0.570075,0.577083,0.131846,1050,6820,7870,2,-1.2685612020775228,-0.9316650778425285,0,0
622,2012-09-13,3,1,9,False,4,True,1,0.6125,0.579558,0.637083,0.0827208,1054,6750,7804,2,-1.4253916233924024,-0.7108032698237621,0,0
623,2012-09-14,3,1,9,False,5,True,1,0.633333,0.594083,0.6725,0.103863,1379,6630,8009,2,-1.4671274174590616,-0.6819525227963426,0,0
624,2012-09-15,3,1,9,False,6,False,1,0.608333,0.585867,0.501667,0.247521,3160,5554,8714,2,-1.0726236284675563,-1.4865337401299696,0,0
625,2012-09-16,3,1,9,False,0,False,1,0.58,0.563125,0.57,0.0901833,2166,5167,7333,2,-1.1718421153275251,-0.8226485400637091,0,0
626,2012-09-17,3,1,9,False,1,True,2,0.580833,0.55305,0.734583,0.151742,1022,5847,6869,1,-1.0627875321059495,0.4207814501664555,0,0
627,2012-09-18,3,1,9,False,2,True,2,0.623333,0.565067,0.8725,0.357587,371,3702,4073,1,-0.332551886220639,0.9411542576246359,0,0
628,2012-09-19,3,1,9,False,3,True,1,0.5525,0.540404,0.536667,0.215175,788,6803,7591,2,-0.9547644886576226,-1.0851534371433331,0,0
629,2012-09-20,3,1,9,False,4,True,1,0.546667,0.532192,0.618333,0.118167,939,6781,7720,2,-1.2321638942440867,-0.7641300186193937,0,0
630,2012-09-21,3,1,9,False,5,True,1,0.599167,0.571971,0.66875,0.154229,1250,6917,8167,2,-1.3323455463843303,-0.7555278070192494,0,0
631,2012-09-22,3,1,9,False,6,False,1,0.65,0.610488,0.646667,0.283583,2512,5883,8395,2,-1.0919787359878788,-1.0762431350686934,0,0
632,2012-09-23,4,1,9,False,0,False,1,0.529167,0.518933,0.467083,0.223258,2454,5453,7907,2,-1.1218035885600615,-1.2079209776321234,0,0
633,2012-09-24,4,1,9,False,1,True,1,0.514167,0.502513,0.492917,0.142404,1001,6435,7436,2,-1.281907551288192,-0.9424740997533294,0,0
634,2012-09-25,4,1,9,False,2,True,1,0.55,0.544179,0.57,0.236321,845,6693,7538,2,-1.19628324916241,-0.8660237023412026,0,0
635,2012-09-26,4,1,9,False,3,True,1,0.635,0.596613,0.630833,0.2444,787,6946,7733,2,-1.3699058745693569,-0.7759258497373696,0,0
636,2012-09-27,4,1,9,False,4,True,2,0.65,0.607975,0.690833,0.134342,751,6642,7393,2,-1.5504827531981085,0.2887342524536988,0,0
637,2012-09-28,4,1,9,False,5,True,2,0.619167,0.585863,0.69,0.164179,1045,6370,7415,2,-1.450755410314536,0.249847304306104,0,0
638,2012-09-29,4,1,9,False,6,False,1,0.5425,0.530296,0.542917,0.227604,2589,5966,8555,2,-1.3084278425387117,-1.1680671779567628,0,0
639,2012-09-30,4,1,9,False,0,False,1,0.526667,0.517663,0.583333,0.134958,2015,4874,6889,2,-1.223560163418035,-0.6263901542818897,0,0
640,2012-01-10,4,1,10,False,1,True,2,0.520833,0.512,0.649167,0.0908042,763,6015,6778,1,-1.41148773457373,0.4497463638174643,0,0
641,2012-02-10,4,1,10,False,2,True,3,0.590833,0.542333,0.871667,0.104475,315,4324,4639,1,-1.2215860650920742,2.0724434341920634,1,1
642,2012-03-10,4,1,10,False,3,True,2,0.6575,0.599133,0.79375,0.0665458,728,6844,7572,1,-1.8764397864250868,0.7034802653320253,1,1
643,2012-04-10,4,1,10,False,4,True,2,0.6575,0.607975,0.722917,0.117546,891,6437,7328,1,-1.689799328392581,0.4565596147980476,1,0
644,2012-05-10,4,1,10,False,5,True,1,0.615,0.580187,0.6275,0.10635,1516,6640,8156,2,-1.7979505181830122,-0.6572387633573656,0,1
645,2012-06-10,4,1,10,False,6,False,1,0.554167,0.538521,0.664167,0.268025,3031,4934,7965,2,-1.3028195941471137,-0.7328285809848317,0,0
646,2012-07-10,4,1,10,False,0,False,2,0.415833,0.419813,0.708333,0.141162,781,2729,3510,1,-0.6236840786752791,1.0331035994274824,0,0
647,2012-08-10,4,1,10,True,1,False,2,0.383333,0.387608,0.709583,0.189679,874,4604,5478,1,-0.6564921874919073,0.6958654139685041,0,0
648,2012-09-10,4,1,10,False,2,True,2,0.446667,0.438112,0.761667,0.1903,601,5791,6392,1,-1.1064722098962883,0.7414295663963172,0,0
649,2012-10-10,4,1,10,False,3,True,1,0.514167,0.503142,0.630833,0.187821,780,6911,7691,2,-1.4003738758866893,-0.6014239900415006,0,0
650,2012-11-10,4,1,10,False,4,True,1,0.435,0.431167,0.463333,0.181596,834,6736,7570,2,-1.1872414110740646,-1.0484535401258042,0,0
651,2012-12-10,4,1,10,False,5,True,1,0.4375,0.433071,0.539167,0.235092,1060,6222,7282,2,-1.0816903569480554,-0.8615873292736751,0,0
652,2012-10-13,4,1,10,False,6,False,1,0.393333,0.391396,0.494583,0.146142,2252,4857,7109,2,-1.1065203331049076,-0.9036686897312395,0,0
653,2012-10-14,4,1,10,False,0,False,1,0.521667,0.508204,0.640417,0.278612,2080,4559,6639,2,-0.9840588421339589,-0.5351058555656766,0,0
654,2012-10-15,4,1,10,False,1,True,2,0.561667,0.53915,0.7075,0.296037,760,5115,5875,1,-0.9192663588531927,0.493799145990031,0,0
655,2012-10-16,4,1,10,False,2,True,1,0.468333,0.460846,0.558333,0.182221,922,6612,7534,2,-1.2747547492997275,-0.7519511798215752,0,0
656,2012-10-17,4,1,10,False,3,True,1,0.455833,0.450108,0.692917,0.101371,979,6482,7461,2,-1.508956208356989,-0.26281473474598077,0,0
657,2012-10-18,4,1,10,False,4,True,2,0.5225,0.512625,0.728333,0.236937,1008,6501,7509,1,-1.2737620617937007,0.3755747403269318,0,0
658,2012-10-19,4,1,10,False,5,True,2,0.563333,0.537896,0.815,0.134954,753,4671,5424,1,-1.2875895364276218,0.9965414059535114,0,0
659,2012-10-20,4,1,10,False,6,False,1,0.484167,0.472842,0.572917,0.117537,2806,5284,8090,2,-1.4950607022636493,-0.8162438402658233,0,0
660,2012-10-21,4,1,10,False,0,False,1,0.464167,0.456429,0.51,0.166054,2132,4692,6824,2,-1.0967549770111935,-0.7905778272590256,0,0
661,2012-10-22,4,1,10,False,1,True,1,0.4875,0.482942,0.568333,0.0814833,830,6228,7058,2,-1.4473838382832402,-0.538899688819062,0,0
662,2012-10-23,4,1,10,False,2,True,1,0.544167,0.530304,0.641667,0.0945458,841,6625,7466,2,-1.6112736914422712,-0.43349598503699793,0,0
663,2012-10-24,4,1,10,False,3,True,1,0.5875,0.558721,0.63625,0.0727792,795,6898,7693,2,-1.7558813818902639,-0.48982870522811583,0,1
664,2012-10-25,4,1,10,False,4,True,2,0.55,0.529688,0.800417,0.124375,875,6484,7359,1,-1.57725261599955,0.7225098573182017,1,0
665,2012-10-26,4,1,10,False,5,True,2,0.545833,0.52275,0.807083,0.132467,1182,6262,7444,1,-1.5762428264743367,0.7093369405649195,1,0
666,2012-10-27,4,1,10,False,6,False,2,0.53,0.515133,0.72,0.235692,2643,5209,7852,2,-1.2875815582080763,0.23310528448283308,0,0
667,2012-10-28,4,1,10,False,0,False,2,0.4775,0.467771,0.694583,0.398008,998,3461,4459,1,-0.29095189135495897,0.5451187276681004,0,0
668,2012-10-29,4,1,10,False,1,True,3,0.44,0.4394,0.88,0.3582,2,20,22,1,0.2536150436778346,2.522499819966207,0,1
669,2012-10-30,4,1,10,False,2,True,2,0.318182,0.309909,0.825455,0.213009,87,1009,1096,1,-0.09763330240574679,1.6834760646617117,0,0
670,2012-10-31,4,1,10,False,3,True,2,0.3575,0.3611,0.666667,0.166667,419,5147,5566,1,-0.8524772955283921,0.6280132389206258,0,0
671,2012-01-11,4,1,11,False,4,True,2,0.365833,0.369942,0.581667,0.157346,466,5520,5986,1,-0.9851970140468682,0.36232509092587417,0,0
672,2012-02-11,4,1,11,False,5,True,1,0.355,0.356042,0.522083,0.266175,618,5229,5847,2,-0.7494969401170147,-0.6645444511075159,0,0
673,2012-03-11,4,1,11,False,6,False,2,0.343333,0.323846,0.49125,0.270529,1029,4109,5138,2,-0.47439291404418266,0.024959975837835,0,0
674,2012-04-11,4,1,11,False,0,False,1,0.325833,0.329538,0.532917,0.179108,1201,3906,5107,2,-0.7066364729954533,-0.3912398653682402,0,0
675,2012-05-11,4,1,11,False,1,True,1,0.319167,0.308075,0.494167,0.236325,378,4881,5259,2,-0.6356845423698957,-0.5603595311924644,0,0
676,2012-06-11,4,1,11,False,2,True,1,0.280833,0.281567,0.567083,0.173513,466,5220,5686,2,-0.8343008591148983,-0.3291966671862994,0,0
677,2012-07-11,4,1,11,False,3,True,2,0.295833,0.274621,0.5475,0.304108,326,4709,5035,1,-0.3959722289678113,0.27187986661665825,0,0
678,2012-08-11,4,1,11,False,4,True,1,0.352174,0.341891,0.333478,0.347835,340,4975,5315,2,-0.3654679718126035,-1.2242356971803947,0,0
679,2012-09-11,4,1,11,False,5,True,1,0.361667,0.355413,0.540833,0.214558,709,5283,5992,2,-0.9046890396273127,-0.5738993404417787,0,0
680,2012-10-11,4,1,11,False,6,False,1,0.389167,0.393937,0.645417,0.0578458,2090,4446,6536,2,-1.3787961425546043,-0.2310537012702206,0,0
681,2012-11-11,4,1,11,False,0,False,1,0.420833,0.421713,0.659167,0.1275,2290,4562,6852,2,-1.298437358033556,-0.24265361092518692,0,0
682,2012-12-11,4,1,11,True,1,False,1,0.485,0.475383,0.741667,0.173517,1097,5172,6269,2,-1.1266275397575338,-0.03555357177466682,0,0
683,2012-11-13,4,1,11,False,2,True,2,0.343333,0.323225,0.662917,0.342046,327,3767,4094,1,-0.2999211061648299,0.6889100549669454,0,0
684,2012-11-14,4,1,11,False,3,True,1,0.289167,0.281563,0.552083,0.199625,373,5122,5495,2,-0.7556722909298862,-0.39472543139555566,0,0
685,2012-11-15,4,1,11,False,4,True,2,0.321667,0.324492,0.620417,0.152987,320,5125,5445,1,-0.8730602258202566,0.5753463634508729,0,0
686,2012-11-16,4,1,11,False,5,True,1,0.345,0.347204,0.524583,0.171025,484,5214,5698,2,-0.9204323915952713,-0.5249010782589959,0,0
687,2012-11-17,4,1,11,False,6,False,1,0.325,0.326383,0.545417,0.179729,1313,4316,5629,2,-0.8232944415472363,-0.5099383757235799,0,0
688,2012-11-18,4,1,11,False,0,False,1,0.3425,0.337746,0.692917,0.227612,922,3747,4669,2,-0.6548945822292832,0.07691890517536928,0,0
689,2012-11-19,4,1,11,False,1,True,2,0.380833,0.375621,0.623333,0.235067,449,5050,5499,1,-0.772321140990589,0.49866602766498136,0,0
690,2012-11-20,4,1,11,False,2,True,2,0.374167,0.380667,0.685,0.082725,534,5100,5634,1,-1.1572751162401729,0.8228345058331593,0,0
691,2012-11-21,4,1,11,False,3,True,1,0.353333,0.364892,0.61375,0.103246,615,4531,5146,2,-1.038048076694339,-0.08660886449867926,0,0
692,2012-11-22,4,1,11,True,4,False,1,0.34,0.350371,0.580417,0.0528708,955,1470,2425,2,-0.5079293360492475,0.17382095398002298,0,0
693,2012-11-23,4,1,11,False,5,True,1,0.368333,0.378779,0.56875,0.148021,1603,2307,3910,2,-0.753309880191872,-0.13646914783764724,0,0
694,2012-11-24,4,1,11,False,6,False,1,0.278333,0.248742,0.404583,0.376871,532,1745,2277,2,0.27433523058710485,-0.6694524814007656,0,0
695,2012-11-25,4,1,11,False,0,False,1,0.245833,0.257583,0.468333,0.1505,309,2115,2424,2,-0.20242121757247317,-0.14708678647683365,0,0
696,2012-11-26,4,1,11,False,1,True,1,0.313333,0.339004,0.535417,0.04665,337,4750,5087,2,-1.037659610627951,-0.19875457221703527,0,0
697,2012-11-27,4,1,11,False,2,True,2,0.291667,0.281558,0.786667,0.237562,123,3836,3959,1,-0.509392248449399,1.2134041450085422,0,0
698,2012-11-28,4,1,11,False,3,True,1,0.296667,0.289762,0.50625,0.210821,198,5062,5260,2,-0.6774218973826414,-0.5137894892290171,0,0
699,2012-11-29,4,1,11,False,4,True,1,0.28087,0.298422,0.555652,0.115522,243,5080,5323,2,-0.9072409349577703,-0.27608995422307553,0,0
700,2012-11-30,4,1,11,False,5,True,1,0.298333,0.323867,0.649583,0.0584708,362,5306,5668,2,-1.171395843514667,-0.004215159388741046,0,0
701,2012-01-12,4,1,12,False,6,False,2,0.298333,0.316904,0.806667,0.0597042,951,4240,5191,1,-1.1531430059931866,1.2541074846992628,0,0
702,2012-02-12,4,1,12,False,0,False,2,0.3475,0.359208,0.823333,0.124379,892,3757,4649,1,-0.9770451962167048,1.365338579659304,0,0
703,2012-03-12,4,1,12,False,1,True,1,0.4525,0.455796,0.7675,0.0827208,555,5679,6234,2,-1.5560023809001189,0.2724038979582977,0,0
704,2012-04-12,4,1,12,False,2,True,1,0.475833,0.469054,0.73375,0.174129,551,6055,6606,2,-1.432275428205956,-0.0055453742798388704,0,0
705,2012-05-12,4,1,12,False,3,True,1,0.438333,0.428012,0.485,0.324021,331,5398,5729,2,-0.7718898161038136,-0.7843915568186727,0,0
706,2012-06-12,4,1,12,False,4,True,1,0.255833,0.258204,0.50875,0.174754,340,5035,5375,2,-0.8059598932439629,-0.4274664005393928,0,0
707,2012-07-12,4,1,12,False,5,True,2,0.320833,0.321958,0.764167,0.1306,349,4659,5008,1,-1.0288356845661935,1.1186493570947162,0,0
708,2012-08-12,4,1,12,False,6,False,2,0.381667,0.389508,0.91125,0.101379,1153,4429,5582,1,-1.3035541384088012,1.4232195304617532,1,0
709,2012-09-12,4,1,12,False,0,False,2,0.384167,0.390146,0.905417,0.157975,441,2787,3228,1,-0.7857461904963141,1.7454209677388393,0,0
710,2012-10-12,4,1,12,False,1,True,2,0.435833,0.435575,0.925,0.190308,329,4841,5170,1,-1.1628286865864597,1.505623030212629,0,0
711,2012-11-12,4,1,12,False,2,True,2,0.353333,0.338363,0.596667,0.296037,282,5219,5501,1,-0.6736157597862276,0.3988138898697936,0,0
712,2012-12-12,4,1,12,False,3,True,2,0.2975,0.297338,0.538333,0.162937,310,5009,5319,1,-0.8256900899493433,0.4138589015576889,0,0
713,2012-12-13,4,1,12,False,4,True,1,0.295833,0.294188,0.485833,0.174129,425,5107,5532,2,-0.8733818474661663,-0.5340858508831573,0,0
714,2012-12-14,4,1,12,False,5,True,1,0.281667,0.294192,0.642917,0.131229,429,5182,5611,2,-1.0602298281099134,-0.041450056322203305,0,0
715,2012-12-15,4,1,12,False,6,False,1,0.324167,0.338383,0.650417,0.10635,767,4280,5047,2,-1.0383982822493683,0.010592333525131245,0,0
716,2012-12-16,4,1,12,False,0,False,2,0.3625,0.369938,0.83875,0.100742,538,3248,3786,1,-0.925173045754815,1.5478657714285602,0,0
717,2012-12-17,4,1,12,False,1,True,2,0.393333,0.4015,0.907083,0.0982583,212,4373,4585,1,-1.201732671821172,1.6560067229385562,1,0
718,2012-12-18,4,1,12,False,2,True,1,0.410833,0.409708,0.66625,0.221404,433,5124,5557,2,-1.0353939705290627,-0.08484563927972903,0,0
719,2012-12-19,4,1,12,False,3,True,1,0.3325,0.342162,0.625417,0.184092,333,4934,5267,2,-0.9422899099792542,-0.10128873356756224,0,0
720,2012-12-20,4,1,12,False,4,True,2,0.33,0.335217,0.667917,0.132463,314,3814,4128,1,-0.837364378828046,0.9626980148410946,0,0
721,2012-12-21,1,1,12,False,5,True,2,0.326667,0.301767,0.556667,0.374383,221,3402,3623,0,0.6845937262416779,0.05094966731574488,0,0
722,2012-12-22,1,1,12,False,6,False,1,0.265833,0.236113,0.44125,0.407346,205,1544,1749,0,1.1856660522592286,-0.8366646934852098,0,0
723,2012-12-23,1,1,12,False,0,False,1,0.245833,0.259471,0.515417,0.133083,408,1379,1787,0,0.5980604883284314,-0.22053364090200886,0,0
724,2012-12-24,1,1,12,False,1,True,2,0.231304,0.2589,0.791304,0.0772304,174,746,920,1,0.4680325309197302,1.5450073837971472,0,0
725,2012-12-25,1,1,12,True,2,False,2,0.291304,0.294465,0.734783,0.168726,440,573,1013,1,0.7824264525205117,1.1603228956283957,0,0
726,2012-12-26,1,1,12,False,3,True,3,0.243333,0.220333,0.823333,0.316546,9,432,441,1,1.0830102577139997,2.139267575858148,0,1
727,2012-12-27,1,1,12,False,4,True,2,0.254167,0.226642,0.652917,0.350133,247,1867,2114,0,0.9127890589510712,0.6145143950553945,0,0
728,2012-12-28,1,1,12,False,5,True,2,0.253333,0.255046,0.59,0.155471,644,2451,3095,1,0.3733025713618094,0.5018958395397946,0,0
729,2012-12-29,1,1,12,False,6,False,2,0.253333,0.2424,0.752917,0.124383,159,1182,1341,1,0.5298930989433925,1.2000231825197811,0,0
730,2012-12-30,1,1,12,False,0,False,1,0.255833,0.2317,0.483333,0.350754,364,1432,1796,0,1.074559810137138,-0.5665042153017308,0,0
731,2012-12-31,1,1,12,False,1,True,2,0.215833,0.223487,0.5775,0.154846,439,2290,2729,1,0.5090510244637223,0.5890504322509341,0,0
