instant,dteday,season,yr,mnth,holiday,weekday,workingday,weathersit,temp,atemp,hum,windspeed,casual,registered,cnt,cluster,PCA1,PCA2,KMeans,Isol,Grubbs
1,1/1/2011,1,0,1,FALSE,6,FALSE,2,0.344167,0.363625,0.805833,0.160446,331,654,985,2,1.488571033,0.993194113,0,0,0
2,2/1/2011,1,0,1,FALSE,0,FALSE,2,0.363478,0.353739,0.696087,0.248539,131,670,801,2,1.696641456,0.626115871,0,0,0
3,3/1/2011,1,0,1,FALSE,1,TRUE,1,0.196364,0.189405,0.437273,0.248309,120,1229,1349,2,2.102442927,-0.729504701,0,0,0
4,4/1/2011,1,0,1,FALSE,2,TRUE,1,0.2,0.212122,0.590435,0.160296,108,1454,1562,2,1.833078122,-0.19408252,0,0,0
5,5/1/2011,1,0,1,FALSE,3,TRUE,1,0.226957,0.22927,0.436957,0.1869,82,1518,1600,2,1.861012206,-0.716697929,0,0,0
6,6/1/2011,1,0,1,FALSE,4,TRUE,1,0.204348,0.233209,0.518261,0.0895652,88,1518,1606,2,1.70251062,-0.3362824,0,0,0
7,7/1/2011,1,0,1,FALSE,5,TRUE,2,0.196522,0.208839,0.498696,0.168726,148,1362,1510,2,1.976021879,0.201241361,0,0,0
8,8/1/2011,1,0,1,FALSE,6,FALSE,2,0.165,0.162254,0.535833,0.266804,68,891,959,2,2.351407274,0.199537316,1,1,0
9,9/1/2011,1,0,1,FALSE,0,FALSE,1,0.138333,0.116175,0.434167,0.36195,54,768,822,2,2.602173984,-0.829890269,1,1,0
10,10/1/2011,1,0,1,FALSE,1,TRUE,1,0.150833,0.150888,0.482917,0.223267,41,1280,1321,2,2.1782541,-0.521071329,0,0,0
11,11/1/2011,1,0,1,FALSE,2,TRUE,2,0.169091,0.191464,0.686364,0.122132,43,1220,1263,2,1.938071885,0.900917563,1,0,0
12,12/1/2011,1,0,1,FALSE,3,TRUE,1,0.172727,0.160473,0.599545,0.304627,25,1137,1162,2,2.222759772,-0.322999738,0,1,0
13,13/01/2011,1,0,1,FALSE,4,TRUE,1,0.165,0.150883,0.470417,0.301,38,1368,1406,2,2.261465463,-0.726210513,0,0,0
14,14/01/2011,1,0,1,FALSE,5,TRUE,1,0.16087,0.188413,0.537826,0.126548,54,1367,1421,2,1.908453252,-0.291279731,0,0,0
15,15/01/2011,1,0,1,FALSE,6,FALSE,2,0.233333,0.248112,0.49875,0.157963,222,1026,1248,2,1.923645752,0.162651011,0,0,0
16,16/01/2011,1,0,1,FALSE,0,FALSE,1,0.231667,0.234217,0.48375,0.188433,251,953,1204,2,1.939851948,-0.54856549,0,0,0
17,17/01/2011,1,0,1,TRUE,1,FALSE,2,0.175833,0.176771,0.5375,0.194017,117,883,1000,2,2.314412012,0.335033694,1,1,0
18,18/01/2011,1,0,1,FALSE,2,TRUE,2,0.216667,0.232333,0.861667,0.146775,9,674,683,2,1.845397756,1.403214851,1,1,0
19,19/01/2011,1,0,1,FALSE,3,TRUE,2,0.292174,0.298422,0.741739,0.208317,78,1572,1650,2,1.640233943,0.784638119,0,0,0
20,20/01/2011,1,0,1,FALSE,4,TRUE,2,0.261667,0.25505,0.538333,0.195904,83,1844,1927,2,1.779504157,0.197117761,0,0,0
21,21/01/2011,1,0,1,FALSE,5,TRUE,1,0.1775,0.157833,0.457083,0.353242,75,1468,1543,2,2.296053666,-0.879223959,0,1,0
22,22/01/2011,1,0,1,FALSE,6,FALSE,1,0.0591304,0.0790696,0.4,0.17197,93,888,981,2,2.464089967,-0.682484979,1,1,0
23,23/01/2011,1,0,1,FALSE,0,FALSE,1,0.0965217,0.0988391,0.436522,0.2466,150,836,986,2,2.492805561,-0.641770856,1,1,0
24,24/01/2011,1,0,1,FALSE,1,TRUE,1,0.0973913,0.11793,0.491739,0.15833,86,1330,1416,2,2.194406653,-0.37212529,0,0,0
25,25/01/2011,1,0,1,FALSE,2,TRUE,2,0.223478,0.234526,0.616957,0.129796,186,1799,1985,2,1.733733605,0.568315797,0,0,0
26,26/01/2011,1,0,1,FALSE,3,TRUE,3,0.2175,0.2036,0.8625,0.29385,34,472,506,2,2.219283825,1.90426566,1,1,1
27,27/01/2011,1,0,1,FALSE,4,TRUE,1,0.195,0.2197,0.6875,0.113837,15,416,431,2,1.861316185,0.258824408,0,0,1
28,28/01/2011,1,0,1,FALSE,5,TRUE,2,0.203478,0.223317,0.793043,0.1233,38,1129,1167,2,1.799008252,1.159008659,1,0,0
29,29/01/2011,1,0,1,FALSE,6,FALSE,1,0.196522,0.212126,0.651739,0.145365,123,975,1098,2,1.890071096,-0.028677278,0,0,0
30,30/01/2011,1,0,1,FALSE,0,FALSE,1,0.216522,0.250322,0.722174,0.0739826,140,956,1096,2,1.678754604,0.333232863,0,0,0
31,31/01/2011,1,0,1,FALSE,1,TRUE,2,0.180833,0.18625,0.60375,0.187192,42,1459,1501,2,2.033597099,0.543954917,0,0,0
32,1/2/2011,1,0,2,FALSE,2,TRUE,2,0.192174,0.23453,0.829565,0.053213,47,1313,1360,2,1.60445971,1.453373537,1,0,0
33,2/2/2011,1,0,2,FALSE,3,TRUE,2,0.26,0.254417,0.775417,0.264308,72,1454,1526,2,1.792448595,0.909091813,0,0,0
34,3/2/2011,1,0,2,FALSE,4,TRUE,1,0.186957,0.177878,0.437826,0.277752,61,1489,1550,2,2.090371553,-0.754870574,0,0,0
35,4/2/2011,1,0,2,FALSE,5,TRUE,2,0.211304,0.228587,0.585217,0.127839,88,1620,1708,2,1.744867125,0.547337092,0,0,0
36,5/2/2011,1,0,2,FALSE,6,FALSE,2,0.233333,0.243058,0.929167,0.161079,100,905,1005,2,1.740004055,1.510798711,1,1,0
37,6/2/2011,1,0,2,FALSE,0,FALSE,1,0.285833,0.291671,0.568333,0.1418,354,1269,1623,2,1.553065024,-0.254692426,0,0,0
38,7/2/2011,1,0,2,FALSE,1,TRUE,1,0.271667,0.303658,0.738333,0.0454083,120,1592,1712,2,1.274035057,0.408787375,0,0,0
39,8/2/2011,1,0,2,FALSE,2,TRUE,1,0.220833,0.198246,0.537917,0.36195,64,1466,1530,2,2.103943313,-0.586450538,0,0,0
40,9/2/2011,1,0,2,FALSE,3,TRUE,2,0.134783,0.144283,0.494783,0.188839,53,1552,1605,2,2.141969571,0.290395666,0,0,0
41,10/2/2011,1,0,2,FALSE,4,TRUE,1,0.144348,0.149548,0.437391,0.221935,47,1491,1538,2,2.11505724,-0.641366967,0,0,0
42,11/2/2011,1,0,2,FALSE,5,TRUE,1,0.189091,0.213509,0.506364,0.10855,149,1597,1746,2,1.715089834,-0.346098217,0,0,0
43,12/2/2011,1,0,2,FALSE,6,FALSE,1,0.2225,0.232954,0.544167,0.203367,288,1184,1472,2,1.84696857,-0.424115091,0,0,0
44,13/02/2011,1,0,2,FALSE,0,FALSE,1,0.316522,0.324113,0.457391,0.260883,397,1192,1589,2,1.686352186,-0.781710171,0,0,0
45,14/02/2011,1,0,2,FALSE,1,TRUE,1,0.415,0.39835,0.375833,0.417908,208,1705,1913,2,1.599508327,-1.334554178,0,0,0
46,15/02/2011,1,0,2,FALSE,2,TRUE,1,0.266087,0.254274,0.314348,0.291374,140,1675,1815,2,1.892690644,-1.204477261,0,0,0
47,16/02/2011,1,0,2,FALSE,3,TRUE,1,0.318261,0.3162,0.423478,0.251791,218,1897,2115,2,1.56919211,-0.91626114,0,0,0
48,17/02/2011,1,0,2,FALSE,4,TRUE,1,0.435833,0.428658,0.505,0.230104,259,2216,2475,2,1.099143365,-0.789257149,0,0,0
49,18/02/2011,1,0,2,FALSE,5,TRUE,1,0.521667,0.511983,0.516667,0.264925,579,2348,2927,2,0.824745327,-0.937700679,0,0,0
50,19/02/2011,1,0,2,FALSE,6,FALSE,1,0.399167,0.391404,0.187917,0.507463,532,1103,1635,2,1.918413404,-2.08050927,0,1,0
51,20/02/2011,1,0,2,FALSE,0,FALSE,1,0.285217,0.27733,0.407826,0.223235,639,1173,1812,2,1.741504243,-0.861945159,0,0,0
52,21/02/2011,1,0,2,TRUE,1,FALSE,2,0.303333,0.284075,0.605,0.307846,195,912,1107,2,2.032422032,0.319421813,0,0,0
53,22/02/2011,1,0,2,FALSE,2,TRUE,1,0.182222,0.186033,0.577778,0.195683,74,1376,1450,2,1.921067155,-0.188076477,0,0,0
54,23/02/2011,1,0,2,FALSE,3,TRUE,1,0.221739,0.245717,0.423043,0.094113,139,1778,1917,2,1.610210298,-0.588800885,0,0,0
55,24/02/2011,1,0,2,FALSE,4,TRUE,2,0.295652,0.289191,0.697391,0.250496,100,1707,1807,2,1.654855212,0.631133659,0,0,0
56,25/02/2011,1,0,2,FALSE,5,TRUE,2,0.364348,0.350461,0.712174,0.346539,120,1341,1461,2,1.638381663,0.501720291,0,0,0
57,26/02/2011,1,0,2,FALSE,6,FALSE,1,0.2825,0.282192,0.537917,0.186571,424,1545,1969,2,1.591259069,-0.515212896,0,0,0
58,27/02/2011,1,0,2,FALSE,0,FALSE,1,0.343478,0.351109,0.68,0.125248,694,1708,2402,2,1.199418693,-0.035695408,0,0,0
59,28/02/2011,1,0,2,FALSE,1,TRUE,2,0.407273,0.400118,0.876364,0.289686,81,1365,1446,2,1.355363098,1.079364624,0,0,0
60,1/3/2011,1,0,3,FALSE,2,TRUE,1,0.266667,0.263879,0.535,0.216425,137,1714,1851,2,1.613757643,-0.387206339,0,0,0
61,2/3/2011,1,0,3,FALSE,3,TRUE,1,0.335,0.320071,0.449583,0.307833,231,1903,2134,2,1.556772004,-0.868762446,0,0,0
62,3/3/2011,1,0,3,FALSE,4,TRUE,1,0.198333,0.200133,0.318333,0.225754,123,1562,1685,2,1.935001086,-0.986571351,0,0,0
63,4/3/2011,1,0,3,FALSE,5,TRUE,2,0.261667,0.255679,0.610417,0.203346,214,1730,1944,2,1.647294033,0.515980665,0,0,0
64,5/3/2011,1,0,3,FALSE,6,FALSE,2,0.384167,0.378779,0.789167,0.251871,640,1437,2077,2,1.299719849,0.797654664,0,0,0
65,6/3/2011,1,0,3,FALSE,0,FALSE,2,0.376522,0.366252,0.948261,0.343287,114,491,605,2,1.61684921,1.363410678,1,0,0
66,7/3/2011,1,0,3,FALSE,1,TRUE,1,0.261739,0.238461,0.551304,0.341352,244,1628,1872,2,1.845970375,-0.507562811,0,0,0
67,8/3/2011,1,0,3,FALSE,2,TRUE,1,0.2925,0.3024,0.420833,0.12065,316,1817,2133,2,1.37685828,-0.632038817,0,0,0
68,9/3/2011,1,0,3,FALSE,3,TRUE,2,0.295833,0.286608,0.775417,0.22015,191,1700,1891,2,1.518653363,0.975655201,0,0,0
69,10/3/2011,1,0,3,FALSE,4,TRUE,3,0.389091,0.385668,0,0.261877,46,577,623,2,1.848509153,-0.601202819,0,0,0
70,11/3/2011,1,0,3,FALSE,5,TRUE,2,0.316522,0.305,0.649565,0.23297,247,1730,1977,2,1.512264717,0.539614372,0,0,0
71,12/3/2011,1,0,3,FALSE,6,FALSE,1,0.329167,0.32575,0.594583,0.220775,724,1408,2132,2,1.406099205,-0.389163974,0,0,0
72,13/03/2011,1,0,3,FALSE,0,FALSE,1,0.384348,0.380091,0.527391,0.270604,982,1435,2417,2,1.319990237,-0.665610121,0,0,0
73,14/03/2011,1,0,3,FALSE,1,TRUE,1,0.325217,0.332,0.496957,0.136926,359,1687,2046,2,1.289389185,-0.438226603,0,0,0
74,15/03/2011,1,0,3,FALSE,2,TRUE,2,0.317391,0.318178,0.655652,0.184309,289,1767,2056,2,1.411006325,0.652513013,0,0,0
75,16/03/2011,1,0,3,FALSE,3,TRUE,2,0.365217,0.36693,0.776522,0.203117,321,1871,2192,2,1.221038734,0.911299316,0,0,0
76,17/03/2011,1,0,3,FALSE,4,TRUE,1,0.415,0.410333,0.602917,0.209579,424,2320,2744,2,0.998679834,-0.418758681,0,0,0
77,18/03/2011,1,0,3,FALSE,5,TRUE,1,0.54,0.527009,0.525217,0.231017,884,2355,3239,2,0.623407147,-0.8419372,0,0,0
78,19/03/2011,1,0,3,FALSE,6,FALSE,1,0.4725,0.466525,0.379167,0.368167,1424,1693,3117,2,1.150643713,-1.465056821,0,0,0
79,20/03/2011,1,0,3,FALSE,0,FALSE,1,0.3325,0.32575,0.47375,0.207721,1047,1424,2471,2,1.40270075,-0.689652387,0,0,0
80,21/03/2011,2,0,3,FALSE,1,TRUE,2,0.430435,0.409735,0.737391,0.288783,401,1676,2077,2,1.026879676,0.837974169,0,0,0
81,22/03/2011,2,0,3,FALSE,2,TRUE,1,0.441667,0.440642,0.624583,0.22575,460,2243,2703,2,0.74045281,-0.19639791,0,0,0
82,23/03/2011,2,0,3,FALSE,3,TRUE,2,0.346957,0.337939,0.839565,0.234261,203,1918,2121,0,1.128980168,1.253627513,0,0,0
83,24/03/2011,2,0,3,FALSE,4,TRUE,2,0.285,0.270833,0.805833,0.243787,166,1699,1865,2,1.387305078,1.208935878,0,0,0
84,25/03/2011,2,0,3,FALSE,5,TRUE,1,0.264167,0.256312,0.495,0.230725,300,1910,2210,2,1.414893446,-0.417858728,0,0,0
85,26/03/2011,2,0,3,FALSE,6,FALSE,1,0.265833,0.257571,0.394167,0.209571,981,1515,2496,2,1.428296168,-0.76562743,0,0,0
86,27/03/2011,2,0,3,FALSE,0,FALSE,2,0.253043,0.250339,0.493913,0.1843,472,1221,1693,2,1.586653188,0.434251465,0,0,0
87,28/03/2011,2,0,3,FALSE,1,TRUE,1,0.264348,0.257574,0.302174,0.212204,222,1806,2028,2,1.497910714,-0.886428569,0,0,0
88,29/03/2011,2,0,3,FALSE,2,TRUE,1,0.3025,0.292908,0.314167,0.226996,317,2108,2425,2,1.347500404,-0.958765829,0,0,0
89,30/03/2011,2,0,3,FALSE,3,TRUE,2,0.3,0.29735,0.646667,0.172888,168,1368,1536,2,1.325173506,0.882603495,0,0,0
90,31/03/2011,2,0,3,FALSE,4,TRUE,3,0.268333,0.257575,0.918333,0.217646,179,1506,1685,0,1.455515694,2.312368496,0,1,0
91,1/4/2011,2,0,4,FALSE,5,TRUE,2,0.3,0.283454,0.68625,0.258708,307,1920,2227,2,1.311558858,0.841120772,0,0,0
92,2/4/2011,2,0,4,FALSE,6,FALSE,2,0.315,0.315637,0.65375,0.197146,898,1354,2252,2,1.200336381,0.76491521,0,0,0
93,3/4/2011,2,0,4,FALSE,0,FALSE,1,0.378333,0.378767,0.48,0.182213,1651,1598,3249,2,0.854757632,-0.512251831,0,0,0
94,4/4/2011,2,0,4,FALSE,1,TRUE,1,0.573333,0.542929,0.42625,0.385571,734,2381,3115,2,0.601075983,-1.07965739,0,0,0
95,5/4/2011,2,0,4,FALSE,2,TRUE,2,0.414167,0.39835,0.642083,0.388067,167,1628,1795,2,1.238960042,0.505435649,0,0,0
96,6/4/2011,2,0,4,FALSE,3,TRUE,1,0.390833,0.387608,0.470833,0.263063,413,2395,2808,2,0.948961351,-0.616842599,0,0,0
97,7/4/2011,2,0,4,FALSE,4,TRUE,1,0.4375,0.433696,0.602917,0.162312,571,2570,3141,2,0.552601504,-0.163466703,0,0,0
98,8/4/2011,2,0,4,FALSE,5,TRUE,2,0.335833,0.324479,0.83625,0.226992,172,1299,1471,0,1.183302072,1.379007269,0,0,0
99,9/4/2011,2,0,4,FALSE,6,FALSE,2,0.3425,0.341529,0.8775,0.133083,879,1576,2455,0,0.903285827,1.472281732,0,0,0
100,10/4/2011,2,0,4,FALSE,0,FALSE,2,0.426667,0.426737,0.8575,0.146767,1188,1707,2895,0,0.630265086,1.347525562,0,0,0
101,11/4/2011,2,0,4,FALSE,1,TRUE,2,0.595652,0.565217,0.716956,0.324474,855,2493,3348,0,0.3749314,0.522358726,0,0,0
102,12/4/2011,2,0,4,FALSE,2,TRUE,2,0.5025,0.493054,0.739167,0.274879,257,1777,2034,0,0.713415884,0.861007095,0,0,0
103,13/04/2011,2,0,4,FALSE,3,TRUE,2,0.4125,0.417283,0.819167,0.250617,209,1953,2162,0,0.878215791,1.172765117,0,0,0
104,14/04/2011,2,0,4,FALSE,4,TRUE,1,0.4675,0.462742,0.540417,0.1107,529,2738,3267,2,0.391994187,-0.305227582,0,0,0
105,15/04/2011,2,0,4,TRUE,5,FALSE,1,0.446667,0.441913,0.67125,0.226375,642,2484,3126,2,0.749595915,-0.144023386,0,0,0
106,16/04/2011,2,0,4,FALSE,6,FALSE,3,0.430833,0.425492,0.888333,0.340808,121,674,795,0,1.253080921,2.002959107,0,1,0
107,17/04/2011,2,0,4,FALSE,0,FALSE,1,0.456667,0.445696,0.479583,0.303496,1558,2186,3744,2,0.751614734,-0.810592953,0,0,0
108,18/04/2011,2,0,4,FALSE,1,TRUE,1,0.5125,0.503146,0.5425,0.163567,669,2760,3429,2,0.327644257,-0.396205361,0,0,0
109,19/04/2011,2,0,4,FALSE,2,TRUE,2,0.505833,0.489258,0.665833,0.157971,409,2795,3204,0,0.412424792,0.696993446,0,0,0
110,20/04/2011,2,0,4,FALSE,3,TRUE,1,0.595,0.564392,0.614167,0.241925,613,3331,3944,1,0.124951518,-0.443864612,0,0,0
111,21/04/2011,2,0,4,FALSE,4,TRUE,1,0.459167,0.453892,0.407083,0.325258,745,3444,4189,2,0.677446051,-1.114707524,0,0,0
112,22/04/2011,2,0,4,FALSE,5,TRUE,2,0.336667,0.321954,0.729583,0.219521,177,1506,1683,0,1.190178555,1.056285372,0,0,0
113,23/04/2011,2,0,4,FALSE,6,FALSE,2,0.46,0.450121,0.887917,0.230725,1462,2574,4036,0,0.491886428,1.09026023,0,0,0
114,24/04/2011,2,0,4,FALSE,0,FALSE,2,0.581667,0.551763,0.810833,0.192175,1710,2481,4191,0,0.119122172,0.887582269,0,0,0
115,25/04/2011,2,0,4,FALSE,1,TRUE,1,0.606667,0.5745,0.776667,0.185333,773,3300,4073,1,-0.071800157,0.117737189,0,0,0
116,26/04/2011,2,0,4,FALSE,2,TRUE,1,0.631667,0.594083,0.729167,0.3265,678,3722,4400,1,0.048175316,-0.301209288,0,0,0
117,27/04/2011,2,0,4,FALSE,3,TRUE,2,0.62,0.575142,0.835417,0.3122,547,3325,3872,0,0.182080153,0.792461264,0,0,0
118,28/04/2011,2,0,4,FALSE,4,TRUE,2,0.6175,0.578929,0.700833,0.320908,569,3489,4058,0,0.219981351,0.35331171,0,0,0
119,29/04/2011,2,0,4,FALSE,5,TRUE,1,0.51,0.497463,0.457083,0.240063,878,3717,4595,1,0.326530992,-0.933395417,0,0,0
120,30/04/2011,2,0,4,FALSE,6,FALSE,1,0.4725,0.464021,0.503333,0.235075,1965,3347,5312,1,0.361338422,-0.893233482,0,0,0
121,1/5/2011,2,0,5,FALSE,0,FALSE,2,0.451667,0.448204,0.762083,0.106354,1138,2213,3351,0,0.422055221,1.12840559,0,0,0
122,2/5/2011,2,0,5,FALSE,1,TRUE,2,0.549167,0.532833,0.73,0.183454,847,3554,4401,0,0.082220754,0.758482066,0,0,0
123,3/5/2011,2,0,5,FALSE,2,TRUE,2,0.616667,0.582079,0.697083,0.342667,603,3848,4451,0,0.150389259,0.355843592,0,0,0
124,4/5/2011,2,0,5,FALSE,3,TRUE,2,0.414167,0.40465,0.737083,0.328996,255,2378,2633,0,0.932822592,0.833645748,0,0,0
125,5/5/2011,2,0,5,FALSE,4,TRUE,1,0.459167,0.441917,0.444167,0.295392,614,3819,4433,2,0.550288222,-0.915909116,0,0,0
126,6/5/2011,2,0,5,FALSE,5,TRUE,1,0.479167,0.474117,0.59,0.228246,894,3714,4608,1,0.281521553,-0.439886639,0,0,0
127,7/5/2011,2,0,5,FALSE,6,FALSE,1,0.52,0.512621,0.54125,0.16045,1612,3102,4714,1,0.109101646,-0.57581316,0,0,0
128,8/5/2011,2,0,5,FALSE,0,FALSE,1,0.528333,0.518933,0.631667,0.0746375,1401,2932,4333,1,-0.013291267,-0.074460257,0,0,0
129,9/5/2011,2,0,5,FALSE,1,TRUE,1,0.5325,0.525246,0.58875,0.176,664,3698,4362,1,0.085652263,-0.332125771,0,0,0
130,10/5/2011,2,0,5,FALSE,2,TRUE,1,0.5325,0.522721,0.489167,0.115671,694,4109,4803,1,-0.022581965,-0.590293719,0,0,0
131,11/5/2011,2,0,5,FALSE,3,TRUE,1,0.5425,0.5284,0.632917,0.120642,550,3632,4182,1,-0.017996637,-0.128220062,0,0,0
132,12/5/2011,2,0,5,FALSE,4,TRUE,1,0.535,0.523363,0.7475,0.189667,695,4169,4864,1,-0.033148703,0.02035578,0,0,0
133,13/05/2011,2,0,5,FALSE,5,TRUE,2,0.5125,0.4943,0.863333,0.179725,692,3413,4105,0,0.166154783,1.169089571,0,0,0
134,14/05/2011,2,0,5,FALSE,6,FALSE,2,0.520833,0.500629,0.9225,0.13495,902,2507,3409,0,0.190284342,1.427172084,0,0,0
135,15/05/2011,2,0,5,FALSE,0,FALSE,2,0.5625,0.536,0.867083,0.152979,1582,2971,4553,0,-0.011705046,1.152863861,0,0,0
136,16/05/2011,2,0,5,FALSE,1,TRUE,1,0.5775,0.550512,0.787917,0.126871,773,3185,3958,0,-0.122898412,0.340277249,0,0,0
137,17/05/2011,2,0,5,FALSE,2,TRUE,2,0.561667,0.538529,0.837917,0.277354,678,3445,4123,0,0.187776426,0.942205331,0,0,0
138,18/05/2011,2,0,5,FALSE,3,TRUE,2,0.55,0.527158,0.87,0.201492,536,3319,3855,0,0.127300019,1.178019038,0,0,0
139,19/05/2011,2,0,5,FALSE,4,TRUE,2,0.530833,0.510742,0.829583,0.108213,735,3840,4575,0,-0.041462907,1.125683979,0,0,0
140,20/05/2011,2,0,5,FALSE,5,TRUE,1,0.536667,0.529042,0.719583,0.125013,909,4008,4917,1,-0.141702873,0.016472125,0,0,0
141,21/05/2011,2,0,5,FALSE,6,FALSE,1,0.6025,0.571975,0.626667,0.12065,2258,3547,5805,1,-0.346138425,-0.442084841,0,0,0
142,22/05/2011,2,0,5,FALSE,0,FALSE,1,0.604167,0.5745,0.749583,0.148008,1576,3084,4660,1,-0.19297844,0.069774837,0,0,0
143,23/05/2011,2,0,5,FALSE,1,TRUE,2,0.631667,0.590296,0.81,0.233842,836,3438,4274,0,-0.069910758,0.873019951,0,0,0
144,24/05/2011,2,0,5,FALSE,2,TRUE,2,0.66,0.604813,0.740833,0.207092,659,3833,4492,0,-0.178765796,0.658729937,0,0,0
145,25/05/2011,2,0,5,FALSE,3,TRUE,1,0.660833,0.615542,0.69625,0.154233,740,4238,4978,1,-0.410904096,-0.164068772,0,0,0
146,26/05/2011,2,0,5,FALSE,4,TRUE,1,0.708333,0.654688,0.6775,0.199642,758,3919,4677,1,-0.429953552,-0.301854599,0,0,0
147,27/05/2011,2,0,5,FALSE,5,TRUE,1,0.681667,0.637008,0.65375,0.240679,871,3808,4679,1,-0.293562026,-0.427815228,0,0,0
148,28/05/2011,2,0,5,FALSE,6,FALSE,1,0.655833,0.612379,0.729583,0.230092,2001,2757,4758,1,-0.226404126,-0.231317262,0,0,0
149,29/05/2011,2,0,5,FALSE,0,FALSE,1,0.6675,0.61555,0.81875,0.213938,2355,2433,4788,1,-0.296176082,0.11556393,0,0,0
150,30/05/2011,2,0,5,TRUE,1,FALSE,1,0.733333,0.671092,0.685,0.131225,1549,2549,4098,1,-0.360412941,-0.159451252,0,0,0
151,31/05/2011,2,0,5,FALSE,2,TRUE,1,0.775,0.725383,0.636667,0.111329,673,3309,3982,1,-0.66234588,-0.242904193,0,0,0
152,1/6/2011,2,0,6,FALSE,3,TRUE,2,0.764167,0.720967,0.677083,0.207092,513,3461,3974,0,-0.48191891,0.494773897,0,0,0
153,2/6/2011,2,0,6,FALSE,4,TRUE,1,0.715,0.643942,0.305,0.292287,736,4232,4968,1,-0.222405521,-1.494261257,0,0,0
154,3/6/2011,2,0,6,FALSE,5,TRUE,1,0.62,0.587133,0.354167,0.253121,898,4414,5312,1,-0.120066659,-1.279308862,0,0,0
155,4/6/2011,2,0,6,FALSE,6,FALSE,1,0.635,0.594696,0.45625,0.123142,1869,3473,5342,1,-0.350346361,-0.848722716,0,0,0
156,5/6/2011,2,0,6,FALSE,0,FALSE,2,0.648333,0.616804,0.6525,0.138692,1685,3221,4906,0,-0.303130539,0.50851721,0,0,0
157,6/6/2011,2,0,6,FALSE,1,TRUE,1,0.678333,0.621858,0.6,0.121896,673,3875,4548,1,-0.448395081,-0.268280022,0,0,0
158,7/6/2011,2,0,6,FALSE,2,TRUE,1,0.7075,0.65595,0.597917,0.187808,763,4070,4833,1,-0.485553565,-0.443150771,0,0,0
159,8/6/2011,2,0,6,FALSE,3,TRUE,1,0.775833,0.727279,0.622083,0.136817,676,3725,4401,1,-0.734128998,-0.316196671,0,0,0
160,9/6/2011,2,0,6,FALSE,4,TRUE,2,0.808333,0.757579,0.568333,0.149883,563,3352,3915,1,-0.643536877,0.22601098,0,0,0
161,10/6/2011,2,0,6,FALSE,5,TRUE,1,0.755,0.703292,0.605,0.140554,815,3771,4586,1,-0.682244753,-0.39751631,0,0,0
162,11/6/2011,2,0,6,FALSE,6,FALSE,1,0.725,0.678038,0.654583,0.15485,1729,3237,4966,1,-0.599235772,-0.346491732,0,0,0
163,12/6/2011,2,0,6,FALSE,0,FALSE,1,0.6925,0.643325,0.747917,0.163567,1467,2993,4460,1,-0.436453394,0.066415325,0,0,0
164,13/06/2011,2,0,6,FALSE,1,TRUE,1,0.635,0.601654,0.494583,0.30535,863,4157,5020,1,-0.093164431,-0.881178911,0,0,0
165,14/06/2011,2,0,6,FALSE,2,TRUE,1,0.604167,0.591546,0.507083,0.269283,727,4164,4891,1,-0.077887751,-0.77115061,0,0,0
166,15/06/2011,2,0,6,FALSE,3,TRUE,1,0.626667,0.587754,0.471667,0.167912,769,4411,5180,1,-0.284948314,-0.771285878,0,0,0
167,16/06/2011,2,0,6,FALSE,4,TRUE,2,0.628333,0.595346,0.688333,0.206471,545,3222,3767,0,-0.061375469,0.64502694,0,0,0
168,17/06/2011,2,0,6,FALSE,5,TRUE,1,0.649167,0.600383,0.735833,0.143029,863,3981,4844,1,-0.444446955,0.037201798,0,0,0
169,18/06/2011,2,0,6,FALSE,6,FALSE,1,0.696667,0.643954,0.670417,0.119408,1807,3312,5119,1,-0.58309455,-0.237767791,0,0,0
170,19/06/2011,2,0,6,FALSE,0,FALSE,2,0.699167,0.645846,0.666667,0.102,1639,3105,4744,0,-0.464222872,0.591216511,0,0,0
171,20/06/2011,2,0,6,FALSE,1,TRUE,2,0.635,0.595346,0.74625,0.155475,699,3311,4010,0,-0.195639989,0.898104058,0,0,0
172,21/06/2011,3,0,6,FALSE,2,TRUE,2,0.680833,0.637646,0.770417,0.171025,774,4061,4835,0,-0.625774504,0.986094769,0,0,0
173,22/06/2011,3,0,6,FALSE,3,TRUE,1,0.733333,0.693829,0.7075,0.172262,661,3846,4507,1,-0.809780389,0.077115687,0,0,0
174,23/06/2011,3,0,6,FALSE,4,TRUE,2,0.728333,0.693833,0.703333,0.238804,746,4044,4790,0,-0.655649494,0.626293585,0,0,0
175,24/06/2011,3,0,6,FALSE,5,TRUE,1,0.724167,0.656583,0.573333,0.222025,969,4022,4991,1,-0.674944246,-0.448098363,0,0,0
176,25/06/2011,3,0,6,FALSE,6,FALSE,1,0.695,0.643313,0.483333,0.209571,1782,3420,5202,1,-0.574539535,-0.751014431,0,0,0
177,26/06/2011,3,0,6,FALSE,0,FALSE,1,0.68,0.637629,0.513333,0.0945333,1920,3385,5305,1,-0.727405528,-0.420370012,0,0,0
178,27/06/2011,3,0,6,FALSE,1,TRUE,2,0.6825,0.637004,0.658333,0.107588,854,3854,4708,0,-0.658605385,0.780383588,0,0,0
179,28/06/2011,3,0,6,FALSE,2,TRUE,1,0.744167,0.692558,0.634167,0.144283,732,3916,4648,1,-0.851922264,-0.10194158,0,0,0
180,29/06/2011,3,0,6,FALSE,3,TRUE,1,0.728333,0.654688,0.497917,0.261821,848,4377,5225,1,-0.61191985,-0.73169246,0,0,0
181,30/06/2011,3,0,6,FALSE,4,TRUE,1,0.696667,0.637008,0.434167,0.185312,1027,4488,5515,1,-0.668898328,-0.825252925,0,0,0
182,1/7/2011,3,0,7,FALSE,5,TRUE,1,0.7225,0.652162,0.39625,0.102608,1246,4116,5362,1,-0.878171575,-0.755165161,0,0,0
183,2/7/2011,3,0,7,FALSE,6,FALSE,1,0.738333,0.667308,0.444583,0.115062,2204,2915,5119,1,-0.847560897,-0.671814002,0,0,0
184,3/7/2011,3,0,7,FALSE,0,FALSE,2,0.716667,0.668575,0.6825,0.228858,2282,2367,4649,0,-0.578679698,0.683991687,0,0,0
185,4/7/2011,3,0,7,TRUE,1,FALSE,2,0.726667,0.665417,0.637917,0.0814792,3065,2978,6043,0,-0.875636573,0.586615036,0,0,0
186,5/7/2011,3,0,7,FALSE,2,TRUE,1,0.746667,0.696338,0.590417,0.126258,1031,3634,4665,1,-0.927731051,-0.139996518,0,0,0
187,6/7/2011,3,0,7,FALSE,3,TRUE,1,0.72,0.685633,0.743333,0.149883,784,3845,4629,1,-0.895895149,0.277950117,0,0,0
188,7/7/2011,3,0,7,FALSE,4,TRUE,1,0.75,0.686871,0.65125,0.1592,754,3838,4592,1,-0.887634987,-0.025495038,0,0,0
189,8/7/2011,3,0,7,FALSE,5,TRUE,2,0.709167,0.670483,0.757917,0.225129,692,3348,4040,0,-0.590759359,0.960592697,0,0,0
190,9/7/2011,3,0,7,FALSE,6,FALSE,1,0.733333,0.664158,0.609167,0.167912,1988,3348,5336,1,-0.85015981,-0.291724529,0,0,0
191,10/7/2011,3,0,7,FALSE,0,FALSE,1,0.7475,0.690025,0.578333,0.183471,1743,3138,4881,1,-0.79979935,-0.301024474,0,0,0
192,11/7/2011,3,0,7,FALSE,1,TRUE,1,0.7625,0.729804,0.635833,0.282337,723,3363,4086,1,-0.707130437,-0.189611076,0,0,0
193,12/7/2011,3,0,7,FALSE,2,TRUE,1,0.794167,0.739275,0.559167,0.200254,662,3596,4258,1,-0.887617302,-0.335912632,0,0,0
194,13/07/2011,3,0,7,FALSE,3,TRUE,1,0.746667,0.689404,0.631667,0.146133,748,3594,4342,1,-0.863115556,-0.023422215,0,0,0
195,14/07/2011,3,0,7,FALSE,4,TRUE,1,0.680833,0.635104,0.47625,0.240667,888,4196,5084,1,-0.573051194,-0.665559052,0,0,0
196,15/07/2011,3,0,7,FALSE,5,TRUE,1,0.663333,0.624371,0.59125,0.182833,1318,4220,5538,1,-0.7275621,-0.291672723,0,0,0
197,16/07/2011,3,0,7,FALSE,6,FALSE,1,0.686667,0.638263,0.585,0.208342,2418,3505,5923,1,-0.746528287,-0.458677126,0,0,0
198,17/07/2011,3,0,7,FALSE,0,FALSE,1,0.719167,0.669833,0.604167,0.245033,2006,3296,5302,1,-0.698200622,-0.345538923,0,0,0
199,18/07/2011,3,0,7,FALSE,1,TRUE,1,0.746667,0.703925,0.65125,0.215804,841,3617,4458,1,-0.798464676,-0.067091289,0,0,0
200,19/07/2011,3,0,7,FALSE,2,TRUE,1,0.776667,0.747479,0.650417,0.1306,752,3789,4541,1,-1.056089935,0.00928448,0,0,0
201,20/07/2011,3,0,7,FALSE,3,TRUE,1,0.768333,0.74685,0.707083,0.113817,644,3688,4332,1,-1.066821364,0.214913872,0,0,0
202,21/07/2011,3,0,7,FALSE,4,TRUE,2,0.815,0.826371,0.69125,0.222021,632,3152,3784,0,-0.939675804,0.704158439,0,0,0
203,22/07/2011,3,0,7,FALSE,5,TRUE,1,0.848333,0.840896,0.580417,0.1331,562,2825,3387,1,-1.136488527,-0.175456997,0,0,0
204,23/07/2011,3,0,7,FALSE,6,FALSE,1,0.849167,0.804287,0.5,0.131221,987,2298,3285,1,-0.987717073,-0.434632113,0,0,0
205,24/07/2011,3,0,7,FALSE,0,FALSE,1,0.83,0.794829,0.550833,0.169171,1050,2556,3606,1,-0.932832017,-0.296318774,0,0,0
206,25/07/2011,3,0,7,FALSE,1,TRUE,1,0.743333,0.720958,0.757083,0.0908083,568,3272,3840,0,-0.973136838,0.493960097,0,0,0
207,26/07/2011,3,0,7,FALSE,2,TRUE,1,0.771667,0.696979,0.540833,0.200258,750,3840,4590,1,-0.822271205,-0.399398189,0,0,0
208,27/07/2011,3,0,7,FALSE,3,TRUE,1,0.775,0.690667,0.402917,0.183463,755,3901,4656,1,-0.797889033,-0.794578105,0,0,0
209,28/07/2011,3,0,7,FALSE,4,TRUE,1,0.779167,0.7399,0.583333,0.178479,606,3784,4390,1,-0.932981866,-0.264576941,0,0,0
210,29/07/2011,3,0,7,FALSE,5,TRUE,1,0.838333,0.785967,0.5425,0.174138,670,3176,3846,1,-1.014883031,-0.372196182,0,0,0
211,30/07/2011,3,0,7,FALSE,6,FALSE,1,0.804167,0.728537,0.465833,0.168537,1559,2916,4475,1,-0.885104047,-0.672081893,0,0,0
212,31/07/2011,3,0,7,FALSE,0,FALSE,1,0.805833,0.729796,0.480833,0.164813,1524,2778,4302,1,-0.861550493,-0.533857037,0,0,0
213,1/8/2011,3,0,8,FALSE,1,TRUE,1,0.771667,0.703292,0.550833,0.156717,729,3537,4266,1,-0.911450845,-0.192597856,0,0,0
214,2/8/2011,3,0,8,FALSE,2,TRUE,1,0.783333,0.707071,0.49125,0.20585,801,4044,4845,1,-0.914721164,-0.522629295,0,0,0
215,3/8/2011,3,0,8,FALSE,3,TRUE,2,0.731667,0.679937,0.6575,0.135583,467,3107,3574,0,-0.721202301,0.931839607,0,0,0
216,4/8/2011,3,0,8,FALSE,4,TRUE,2,0.71,0.664788,0.7575,0.19715,799,3777,4576,0,-0.746988791,1.024004413,0,0,0
217,5/8/2011,3,0,8,FALSE,5,TRUE,1,0.710833,0.656567,0.630833,0.184696,1023,3843,4866,1,-0.827505261,-0.070859355,0,0,0
218,6/8/2011,3,0,8,FALSE,6,FALSE,2,0.716667,0.676154,0.755,0.22825,1521,2773,4294,0,-0.645660142,0.928112364,0,0,0
219,7/8/2011,3,0,8,FALSE,0,FALSE,1,0.7425,0.715292,0.752917,0.201487,1298,2487,3785,0,-0.786917899,0.35968676,0,0,0
220,8/8/2011,3,0,8,FALSE,1,TRUE,1,0.765,0.703283,0.592083,0.192175,846,3480,4326,1,-0.87251256,-0.129885573,0,0,0
221,9/8/2011,3,0,8,FALSE,2,TRUE,1,0.775,0.724121,0.570417,0.151121,907,3695,4602,1,-1.013931879,-0.18528037,0,0,0
222,10/8/2011,3,0,8,FALSE,3,TRUE,1,0.766667,0.684983,0.424167,0.200258,884,3896,4780,1,-0.830078211,-0.699150952,0,0,0
223,11/8/2011,3,0,8,FALSE,4,TRUE,1,0.7175,0.651521,0.42375,0.164796,812,3980,4792,1,-0.762560443,-0.626282788,0,0,0
224,12/8/2011,3,0,8,FALSE,5,TRUE,1,0.708333,0.654042,0.415,0.125621,1051,3854,4905,1,-0.82723435,-0.613847601,0,0,0
225,13/08/2011,3,0,8,FALSE,6,FALSE,2,0.685833,0.645858,0.729583,0.211454,1504,2646,4150,0,-0.54784438,0.919832865,0,0,0
226,14/08/2011,3,0,8,FALSE,0,FALSE,2,0.676667,0.624388,0.8175,0.222633,1338,2482,3820,0,-0.457670095,1.279225801,0,0,0
227,15/08/2011,3,0,8,FALSE,1,TRUE,1,0.665833,0.616167,0.712083,0.208954,775,3563,4338,1,-0.611583065,0.269151117,0,0,0
228,16/08/2011,3,0,8,FALSE,2,TRUE,1,0.700833,0.645837,0.578333,0.236329,721,4004,4725,1,-0.668594128,-0.243449155,0,0,0
229,17/08/2011,3,0,8,FALSE,3,TRUE,1,0.723333,0.666671,0.575417,0.143667,668,4026,4694,1,-0.873688928,-0.137053228,0,0,0
230,18/08/2011,3,0,8,FALSE,4,TRUE,1,0.711667,0.662258,0.654583,0.233208,639,3166,3805,1,-0.631120292,0.049779774,0,0,0
231,19/08/2011,3,0,8,FALSE,5,TRUE,2,0.685,0.633221,0.722917,0.139308,797,3356,4153,0,-0.680280244,1.068175469,0,0,0
232,20/08/2011,3,0,8,FALSE,6,FALSE,1,0.6975,0.648996,0.674167,0.104467,1914,3277,5191,1,-0.931508807,0.097731048,0,0,0
233,21/08/2011,3,0,8,FALSE,0,FALSE,1,0.710833,0.675525,0.77,0.248754,1249,2624,3873,0,-0.622767167,0.357066466,0,0,0
234,22/08/2011,3,0,8,FALSE,1,TRUE,1,0.691667,0.638254,0.47,0.27675,833,3925,4758,1,-0.539041425,-0.606413966,0,0,0
235,23/08/2011,3,0,8,FALSE,2,TRUE,1,0.640833,0.606067,0.455417,0.146763,1281,4614,5895,1,-0.75761033,-0.553904919,0,0,0
236,24/08/2011,3,0,8,FALSE,3,TRUE,1,0.673333,0.630692,0.605,0.253108,949,4181,5130,1,-0.645643835,-0.229937866,0,0,0
237,25/08/2011,3,0,8,FALSE,4,TRUE,2,0.684167,0.645854,0.771667,0.210833,435,3107,3542,0,-0.527313739,1.175545615,0,0,0
238,26/08/2011,3,0,8,FALSE,5,TRUE,1,0.7,0.659733,0.76125,0.0839625,768,3893,4661,0,-0.99618161,0.488718983,0,0,0
239,27/08/2011,3,0,8,FALSE,6,FALSE,2,0.68,0.635556,0.85,0.375617,226,889,1115,0,0.078534512,1.35996741,0,0,0
240,28/08/2011,3,0,8,FALSE,0,FALSE,1,0.707059,0.647959,0.561765,0.304659,1415,2919,4334,1,-0.463477035,-0.373819523,0,0,0
241,29/08/2011,3,0,8,FALSE,1,TRUE,1,0.636667,0.607958,0.554583,0.159825,729,3905,4634,1,-0.605946264,-0.133642852,0,0,0
242,30/08/2011,3,0,8,FALSE,2,TRUE,1,0.639167,0.594704,0.548333,0.125008,775,4429,5204,1,-0.716287935,-0.168587665,0,0,0
243,31/08/2011,3,0,8,FALSE,3,TRUE,1,0.656667,0.611121,0.597917,0.0833333,688,4370,5058,1,-0.835499157,0.030031957,0,0,0
244,1/9/2011,3,0,9,FALSE,4,TRUE,1,0.655,0.614921,0.639167,0.141796,783,4332,5115,1,-0.831537693,0.109466013,0,0,0
245,2/9/2011,3,0,9,FALSE,5,TRUE,2,0.643333,0.604808,0.727083,0.139929,875,3852,4727,0,-0.704185409,1.11175591,0,0,0
246,3/9/2011,3,0,9,FALSE,6,FALSE,1,0.669167,0.633213,0.716667,0.185325,1935,2549,4484,1,-0.719889047,0.260679301,0,0,0
247,4/9/2011,3,0,9,FALSE,0,FALSE,1,0.709167,0.665429,0.742083,0.206467,2521,2419,4940,1,-0.851644928,0.294877243,0,0,0
248,5/9/2011,3,0,9,TRUE,1,FALSE,2,0.673333,0.625646,0.790417,0.212696,1236,2115,3351,0,-0.349047836,1.297670113,0,0,0
249,6/9/2011,3,0,9,FALSE,2,TRUE,3,0.54,0.5152,0.886957,0.343943,204,2506,2710,0,0.195675957,2.305611334,0,1,0
250,7/9/2011,3,0,9,FALSE,3,TRUE,3,0.599167,0.544229,0.917083,0.0970208,118,1878,1996,0,-0.233782549,2.799691915,1,1,0
251,8/9/2011,3,0,9,FALSE,4,TRUE,3,0.633913,0.555361,0.939565,0.192748,153,1689,1842,0,-0.148140526,2.706402379,1,1,0
252,9/9/2011,3,0,9,FALSE,5,TRUE,2,0.65,0.578946,0.897917,0.124379,417,3127,3544,0,-0.608456481,1.771642798,0,0,0
253,10/9/2011,3,0,9,FALSE,6,FALSE,1,0.66,0.607962,0.75375,0.153608,1750,3595,5345,1,-0.842168778,0.337263341,0,0,0
254,11/9/2011,3,0,9,FALSE,0,FALSE,1,0.653333,0.609229,0.71375,0.115054,1633,3413,5046,0,-0.8206688,0.38482563,0,0,0
255,12/9/2011,3,0,9,FALSE,1,TRUE,1,0.644348,0.60213,0.692174,0.088913,690,4023,4713,0,-0.835708845,0.433637445,0,0,0
256,13/09/2011,3,0,9,FALSE,2,TRUE,1,0.650833,0.603554,0.7125,0.141804,701,4062,4763,0,-0.784592789,0.392142155,0,0,0
257,14/09/2011,3,0,9,FALSE,3,TRUE,1,0.673333,0.6269,0.697083,0.1673,647,4138,4785,1,-0.815948024,0.275547028,0,0,0
258,15/09/2011,3,0,9,FALSE,4,TRUE,2,0.5775,0.553671,0.709167,0.271146,428,3231,3659,0,-0.174948624,1.035565097,0,0,0
259,16/09/2011,3,0,9,FALSE,5,TRUE,2,0.469167,0.461475,0.590417,0.164183,742,4018,4760,0,-0.13031406,0.800204252,0,0,0
260,17/09/2011,3,0,9,FALSE,6,FALSE,2,0.491667,0.478512,0.718333,0.189675,1434,3077,4511,0,-0.124074194,1.093467726,0,0,0
261,18/09/2011,3,0,9,FALSE,0,FALSE,1,0.5075,0.490537,0.695,0.178483,1353,2921,4274,0,-0.210090986,0.424706197,0,0,0
262,19/09/2011,3,0,9,FALSE,1,TRUE,2,0.549167,0.529675,0.69,0.151742,691,3848,4539,0,-0.376240124,1.121682764,0,0,0
263,20/09/2011,3,0,9,FALSE,2,TRUE,2,0.561667,0.532217,0.88125,0.134954,438,3203,3641,0,-0.385977469,1.78615282,0,0,0
264,21/09/2011,3,0,9,FALSE,3,TRUE,2,0.595,0.550533,0.9,0.0964042,539,3813,4352,0,-0.62688622,1.789286,0,0,0
265,22/09/2011,3,0,9,FALSE,4,TRUE,2,0.628333,0.554963,0.902083,0.128125,555,4240,4795,0,-0.696063603,1.671849792,0,0,0
266,23/09/2011,4,0,9,FALSE,5,TRUE,2,0.609167,0.522125,0.9725,0.0783667,258,2137,2395,0,-0.602325152,2.403112013,1,1,0
267,24/09/2011,4,0,9,FALSE,6,FALSE,2,0.606667,0.564412,0.8625,0.0783833,1776,3647,5423,0,-0.975672038,1.681800207,1,0,0
268,25/09/2011,4,0,9,FALSE,0,FALSE,2,0.634167,0.572637,0.845,0.0503792,1544,3466,5010,0,-0.99291014,1.775047051,1,0,0
269,26/09/2011,4,0,9,FALSE,1,TRUE,2,0.649167,0.589042,0.848333,0.1107,684,3946,4630,0,-0.953386349,1.751103433,1,0,0
270,27/09/2011,4,0,9,FALSE,2,TRUE,2,0.636667,0.574525,0.885417,0.118171,477,3643,4120,0,-0.850847558,1.90287325,1,1,0
271,28/09/2011,4,0,9,FALSE,3,TRUE,2,0.635,0.575158,0.84875,0.148629,480,3427,3907,0,-0.763004849,1.761258031,0,0,0
272,29/09/2011,4,0,9,FALSE,4,TRUE,1,0.616667,0.574512,0.699167,0.172883,653,4186,4839,0,-0.847765894,0.478053308,0,0,0
273,30/09/2011,4,0,9,FALSE,5,TRUE,1,0.564167,0.544829,0.6475,0.206475,830,4372,5202,1,-0.702054786,0.257649362,0,0,0
274,1/10/2011,4,0,10,FALSE,6,FALSE,2,0.41,0.412863,0.75375,0.292296,480,1949,2429,0,0.266379141,1.573034913,0,0,0
275,2/10/2011,4,0,10,FALSE,0,FALSE,2,0.356667,0.345317,0.791667,0.222013,616,2302,2918,0,0.284040064,1.857294619,0,0,0
276,3/10/2011,4,0,10,FALSE,1,TRUE,2,0.384167,0.392046,0.760833,0.0833458,330,3240,3570,0,-0.169056404,1.905963605,0,0,0
277,4/10/2011,4,0,10,FALSE,2,TRUE,1,0.484167,0.472858,0.71,0.205854,486,3970,4456,0,-0.442386544,0.686335734,0,0,0
278,5/10/2011,4,0,10,FALSE,3,TRUE,1,0.538333,0.527138,0.647917,0.17725,559,4267,4826,0,-0.67932354,0.452346427,0,0,0
279,6/10/2011,4,0,10,FALSE,4,TRUE,1,0.494167,0.480425,0.620833,0.134954,639,4126,4765,0,-0.587294791,0.469118372,0,0,0
280,7/10/2011,4,0,10,FALSE,5,TRUE,1,0.510833,0.504404,0.684167,0.0223917,949,4036,4985,0,-0.879363406,0.772953653,0,0,0
281,8/10/2011,4,0,10,FALSE,6,FALSE,1,0.521667,0.513242,0.70125,0.0454042,2235,3174,5409,0,-0.890425874,0.680708839,0,0,0
282,9/10/2011,4,0,10,FALSE,0,FALSE,1,0.540833,0.523983,0.7275,0.06345,2397,3114,5511,0,-0.915346577,0.777816722,0,0,0
283,10/10/2011,4,0,10,TRUE,1,FALSE,1,0.570833,0.542925,0.73375,0.0423042,1514,3603,5117,0,-0.870133269,0.815202694,0,0,0
284,11/10/2011,4,0,10,FALSE,2,TRUE,2,0.566667,0.546096,0.80875,0.143042,667,3896,4563,0,-0.746880314,1.699007178,0,0,0
285,12/10/2011,4,0,10,FALSE,3,TRUE,3,0.543333,0.517717,0.90625,0.24815,217,2199,2416,0,-0.181997472,2.770849092,1,1,0
286,13/10/2011,4,0,10,FALSE,4,TRUE,2,0.589167,0.551804,0.896667,0.141787,290,2623,2913,0,-0.614349787,2.102945699,1,0,0
287,14/10/2011,4,0,10,FALSE,5,TRUE,2,0.550833,0.529675,0.71625,0.223883,529,3115,3644,0,-0.423945407,1.383716739,0,0,0
288,15/10/2011,4,0,10,FALSE,6,FALSE,1,0.506667,0.498725,0.483333,0.258083,1899,3318,5217,1,-0.407737781,-0.246423562,0,0,0
289,16/10/2011,4,0,10,FALSE,0,FALSE,1,0.511667,0.503154,0.486667,0.281717,1748,3293,5041,1,-0.347432054,-0.186179728,0,0,0
290,17/10/2011,4,0,10,FALSE,1,TRUE,1,0.534167,0.510725,0.579583,0.175379,713,3857,4570,0,-0.582174008,0.315574252,0,0,0
291,18/10/2011,4,0,10,FALSE,2,TRUE,2,0.5325,0.522721,0.701667,0.110087,637,4111,4748,0,-0.690417913,1.439261898,0,0,0
292,19/10/2011,4,0,10,FALSE,3,TRUE,3,0.541739,0.513848,0.895217,0.243339,254,2170,2424,0,-0.177265164,2.747280255,1,1,0
293,20/10/2011,4,0,10,FALSE,4,TRUE,1,0.475833,0.466525,0.63625,0.422275,471,3724,4195,0,-0.03205119,0.152555136,0,0,0
294,21/10/2011,4,0,10,FALSE,5,TRUE,1,0.4275,0.423596,0.574167,0.221396,676,3628,4304,0,-0.189690039,0.289728616,0,0,0
295,22/10/2011,4,0,10,FALSE,6,FALSE,1,0.4225,0.425492,0.629167,0.0926667,1499,2809,4308,0,-0.357405099,0.593983849,0,0,0
296,23/10/2011,4,0,10,FALSE,0,FALSE,1,0.421667,0.422333,0.74125,0.0995125,1619,2762,4381,0,-0.378753219,0.975728882,0,0,0
297,24/10/2011,4,0,10,FALSE,1,TRUE,1,0.463333,0.457067,0.772083,0.118792,699,3488,4187,0,-0.505826138,1.056077398,0,0,0
298,25/10/2011,4,0,10,FALSE,2,TRUE,1,0.471667,0.463375,0.622917,0.166658,695,3992,4687,0,-0.463598017,0.475157603,0,0,0
299,26/10/2011,4,0,10,FALSE,3,TRUE,2,0.484167,0.472846,0.720417,0.148642,404,3490,3894,0,-0.378222187,1.556554226,0,0,0
300,27/10/2011,4,0,10,FALSE,4,TRUE,2,0.47,0.457046,0.812917,0.197763,240,2419,2659,0,-0.134693201,1.887249786,0,0,0
301,28/10/2011,4,0,10,FALSE,5,TRUE,2,0.330833,0.318812,0.585833,0.229479,456,3291,3747,0,0.286419275,1.157136285,0,0,0
302,29/10/2011,4,0,10,FALSE,6,FALSE,3,0.254167,0.227913,0.8825,0.351371,57,570,627,0,1.153298961,2.897405164,1,1,0
303,30/10/2011,4,0,10,FALSE,0,FALSE,1,0.319167,0.321329,0.62375,0.176617,885,2446,3331,0,0.237865574,0.712144579,0,0,0
304,31/10/2011,4,0,10,FALSE,1,TRUE,1,0.34,0.356063,0.703333,0.10635,362,3307,3669,0,-0.085303348,1.021277692,0,0,0
305,1/11/2011,4,0,11,FALSE,2,TRUE,1,0.400833,0.397088,0.68375,0.135571,410,3658,4068,0,-0.297358174,0.889929643,0,0,0
306,2/11/2011,4,0,11,FALSE,3,TRUE,1,0.3775,0.390133,0.71875,0.0820917,370,3816,4186,0,-0.36625179,1.060919921,0,0,0
307,3/11/2011,4,0,11,FALSE,4,TRUE,1,0.408333,0.405921,0.702083,0.136817,318,3656,3974,0,-0.321433879,0.921568942,0,0,0
308,4/11/2011,4,0,11,FALSE,5,TRUE,2,0.403333,0.403392,0.6225,0.271779,470,3576,4046,0,-0.000648751,1.170461259,0,0,0
309,5/11/2011,4,0,11,FALSE,6,FALSE,1,0.326667,0.323854,0.519167,0.189062,1156,2770,3926,0,0.134757673,0.314420173,0,0,0
310,6/11/2011,4,0,11,FALSE,0,FALSE,1,0.348333,0.362358,0.734583,0.0920542,952,2697,3649,0,-0.141003707,1.168105509,0,0,0
311,7/11/2011,4,0,11,FALSE,1,TRUE,1,0.395,0.400871,0.75875,0.057225,373,3662,4035,0,-0.437573086,1.244378166,0,0,0
312,8/11/2011,4,0,11,FALSE,2,TRUE,1,0.408333,0.412246,0.721667,0.0690375,376,3829,4205,0,-0.467655412,1.077696298,0,0,0
313,9/11/2011,4,0,11,FALSE,3,TRUE,1,0.4,0.409079,0.758333,0.0621958,305,3804,4109,0,-0.465897609,1.198483392,0,0,0
314,10/11/2011,4,0,11,FALSE,4,TRUE,2,0.38,0.373721,0.813333,0.189067,190,2743,2933,0,0.027909787,2.008593299,0,0,0
315,11/11/2011,4,0,11,TRUE,5,FALSE,1,0.324167,0.306817,0.44625,0.314675,440,2928,3368,2,0.568417876,-0.033322931,0,0,0
316,12/11/2011,4,0,11,FALSE,6,FALSE,1,0.356667,0.357942,0.552917,0.212062,1275,2792,4067,0,0.038394865,0.33671435,0,0,0
317,13/11/2011,4,0,11,FALSE,0,FALSE,1,0.440833,0.43055,0.458333,0.281721,1004,2713,3717,1,0.005576881,0.000377209,0,0,0
318,14/11/2011,4,0,11,FALSE,1,TRUE,1,0.53,0.524612,0.587083,0.306596,595,3891,4486,1,-0.445311749,0.209870629,0,0,0
319,15/11/2011,4,0,11,FALSE,2,TRUE,2,0.53,0.507579,0.68875,0.199633,449,3746,4195,0,-0.501736619,1.399734102,0,0,0
320,16/11/2011,4,0,11,FALSE,3,TRUE,3,0.456667,0.451988,0.93,0.136829,145,1672,1817,0,-0.103486558,3.203156545,1,1,0
321,17/11/2011,4,0,11,FALSE,4,TRUE,2,0.341667,0.323221,0.575833,0.305362,139,2914,3053,0,0.423314051,1.160797146,0,0,0
322,18/11/2011,4,0,11,FALSE,5,TRUE,1,0.274167,0.272721,0.41,0.168533,245,3147,3392,0,0.330794187,0.179826465,0,0,0
323,19/11/2011,4,0,11,FALSE,6,FALSE,1,0.329167,0.324483,0.502083,0.224496,943,2720,3663,0,0.225639183,0.238093931,0,0,0
324,20/11/2011,4,0,11,FALSE,0,FALSE,2,0.463333,0.457058,0.684583,0.18595,787,2733,3520,0,-0.197642349,1.511938379,0,0,0
325,21/11/2011,4,0,11,FALSE,1,TRUE,3,0.4475,0.445062,0.91,0.138054,220,2545,2765,0,-0.188296934,3.069529531,1,1,0
326,22/11/2011,4,0,11,FALSE,2,TRUE,3,0.416667,0.421696,0.9625,0.118792,69,1538,1607,0,-0.00630236,3.388666202,1,1,0
327,23/11/2011,4,0,11,FALSE,3,TRUE,2,0.440833,0.430537,0.757917,0.335825,112,2454,2566,0,0.144127634,1.627906876,0,0,0
328,24/11/2011,4,0,11,TRUE,4,FALSE,1,0.373333,0.372471,0.549167,0.167304,560,935,1495,0,0.373870614,0.66121615,0,0,0
329,25/11/2011,4,0,11,FALSE,5,TRUE,1,0.375,0.380671,0.64375,0.0988958,1095,1697,2792,0,-0.113013623,0.949653313,0,0,0
330,26/11/2011,4,0,11,FALSE,6,FALSE,1,0.375833,0.385087,0.681667,0.0684208,1249,1819,3068,0,-0.172720268,1.021556954,0,0,0
331,27/11/2011,4,0,11,FALSE,0,FALSE,1,0.459167,0.4558,0.698333,0.208954,810,2261,3071,0,-0.185081579,0.865060318,0,0,0
332,28/11/2011,4,0,11,FALSE,1,TRUE,1,0.503478,0.490122,0.743043,0.142122,253,3614,3867,0,-0.582477809,1.007904832,0,0,0
333,29/11/2011,4,0,11,FALSE,2,TRUE,2,0.458333,0.451375,0.830833,0.258092,96,2818,2914,0,-0.10612757,1.917442391,0,0,0
334,30/11/2011,4,0,11,FALSE,3,TRUE,1,0.325,0.311221,0.613333,0.271158,188,3425,3613,0,0.244602684,0.581351626,0,0,0
335,1/12/2011,4,0,12,FALSE,4,TRUE,1,0.3125,0.305554,0.524583,0.220158,182,3545,3727,0,0.15836827,0.449382499,0,0,0
336,2/12/2011,4,0,12,FALSE,5,TRUE,1,0.314167,0.331433,0.625833,0.100754,268,3672,3940,0,-0.14002988,0.88034966,0,0,0
337,3/12/2011,4,0,12,FALSE,6,FALSE,1,0.299167,0.310604,0.612917,0.0957833,706,2908,3614,0,0.003222837,0.847362706,0,0,0
338,4/12/2011,4,0,12,FALSE,0,FALSE,1,0.330833,0.3491,0.775833,0.0839583,634,2851,3485,0,-0.155577242,1.398014176,0,0,0
339,5/12/2011,4,0,12,FALSE,1,TRUE,2,0.385833,0.393925,0.827083,0.0622083,233,3578,3811,0,-0.373541103,2.237439762,1,0,0
340,6/12/2011,4,0,12,FALSE,2,TRUE,3,0.4625,0.4564,0.949583,0.232583,126,2468,2594,0,-0.135111225,3.104419708,1,1,0
341,7/12/2011,4,0,12,FALSE,3,TRUE,3,0.41,0.400246,0.970417,0.266175,50,655,705,0,0.321449696,3.352587057,1,1,0
342,8/12/2011,4,0,12,FALSE,4,TRUE,1,0.265833,0.256938,0.58,0.240058,150,3172,3322,0,0.366465556,0.663800951,0,0,0
343,9/12/2011,4,0,12,FALSE,5,TRUE,1,0.290833,0.317542,0.695833,0.0827167,261,3359,3620,0,-0.09726812,1.162219741,0,0,0
344,10/12/2011,4,0,12,FALSE,6,FALSE,1,0.275,0.266412,0.5075,0.233221,502,2688,3190,0,0.418180597,0.404480914,0,0,0
345,11/12/2011,4,0,12,FALSE,0,FALSE,1,0.220833,0.253154,0.49,0.0665417,377,2366,2743,0,0.347453921,0.753616129,0,0,0
346,12/12/2011,4,0,12,FALSE,1,TRUE,1,0.238333,0.270196,0.670833,0.06345,143,3167,3310,0,0.088978924,1.240021737,0,0,0
347,13/12/2011,4,0,12,FALSE,2,TRUE,1,0.2825,0.301138,0.59,0.14055,155,3368,3523,0,0.093787337,0.821248107,0,0,0
348,14/12/2011,4,0,12,FALSE,3,TRUE,2,0.3175,0.338362,0.66375,0.0609583,178,3562,3740,0,-0.115945183,1.796246048,0,0,0
349,15/12/2011,4,0,12,FALSE,4,TRUE,2,0.4225,0.412237,0.634167,0.268042,181,3528,3709,0,-0.0600361,1.314363356,0,0,0
350,16/12/2011,4,0,12,FALSE,5,TRUE,2,0.375,0.359825,0.500417,0.260575,178,3399,3577,0,0.151749228,0.977963982,0,0,0
351,17/12/2011,4,0,12,FALSE,6,FALSE,2,0.258333,0.249371,0.560833,0.243167,275,2464,2739,0,0.607219057,1.311325319,0,0,0
352,18/12/2011,4,0,12,FALSE,0,FALSE,1,0.238333,0.245579,0.58625,0.169779,220,2211,2431,0,0.493757021,0.908069337,0,0,0
353,19/12/2011,4,0,12,FALSE,1,TRUE,1,0.276667,0.280933,0.6375,0.172896,260,3143,3403,0,0.183859426,0.946408854,0,0,0
354,20/12/2011,4,0,12,FALSE,2,TRUE,2,0.385833,0.396454,0.595417,0.0615708,216,3534,3750,0,-0.279457926,1.555352347,0,0,0
355,21/12/2011,1,0,12,FALSE,3,TRUE,2,0.428333,0.428017,0.858333,0.2214,107,2553,2660,0,0.476038331,1.622085461,0,0,0
356,22/12/2011,1,0,12,FALSE,4,TRUE,2,0.423333,0.426121,0.7575,0.047275,227,2841,3068,0,0.20571798,1.538617369,0,0,0
357,23/12/2011,1,0,12,FALSE,5,TRUE,1,0.373333,0.377513,0.68625,0.274246,163,2046,2209,2,0.757937362,0.403910573,0,0,0
358,24/12/2011,1,0,12,FALSE,6,FALSE,1,0.3025,0.299242,0.5425,0.190304,155,856,1011,2,1.123662495,0.249775595,0,0,0
359,25/12/2011,1,0,12,FALSE,0,FALSE,1,0.274783,0.279961,0.681304,0.155091,303,451,754,2,1.136177705,0.826890175,0,0,0
360,26/12/2011,1,0,12,TRUE,1,FALSE,1,0.321739,0.315535,0.506957,0.239465,430,887,1317,2,1.237315202,0.05813856,0,0,0
361,27/12/2011,1,0,12,FALSE,2,TRUE,2,0.325,0.327633,0.7625,0.18845,103,1059,1162,0,0.978515676,1.649960673,0,0,0
362,28/12/2011,1,0,12,FALSE,3,TRUE,1,0.29913,0.279974,0.503913,0.293961,255,2047,2302,2,1.121975032,-0.075650116,0,0,0
363,29/12/2011,1,0,12,FALSE,4,TRUE,1,0.248333,0.263892,0.574167,0.119412,254,2169,2423,2,0.908757225,0.396768914,0,0,0
364,30/12/2011,1,0,12,FALSE,5,TRUE,1,0.311667,0.318812,0.636667,0.134337,491,2508,2999,2,0.646068607,0.434177857,0,0,0
365,31/12/2011,1,0,12,FALSE,6,FALSE,1,0.41,0.414121,0.615833,0.220154,665,1820,2485,2,0.601854736,0.167722052,0,0,0
366,1/1/2012,1,1,1,FALSE,0,FALSE,1,0.37,0.375621,0.6925,0.192167,686,1608,2294,2,1.133994885,-0.598342831,0,0,0
367,2/1/2012,1,1,1,TRUE,1,FALSE,1,0.273043,0.252304,0.381304,0.329665,244,1707,1951,2,1.958613924,-1.626203684,0,1,0
368,3/1/2012,1,1,1,FALSE,2,TRUE,1,0.15,0.126275,0.44125,0.365671,89,2147,2236,2,2.177692872,-1.382436774,0,1,0
369,4/1/2012,1,1,1,FALSE,3,TRUE,2,0.1075,0.119337,0.414583,0.1847,95,2273,2368,2,2.049768714,-0.488408085,0,0,0
370,5/1/2012,1,1,1,FALSE,4,TRUE,1,0.265833,0.278412,0.524167,0.129987,140,3132,3272,2,1.227120377,-1.027247915,0,0,0
371,6/1/2012,1,1,1,FALSE,5,TRUE,1,0.334167,0.340267,0.542083,0.167908,307,3791,4098,2,0.965975401,-1.187194474,0,0,0
372,7/1/2012,1,1,1,FALSE,6,FALSE,1,0.393333,0.390779,0.531667,0.174758,1070,3451,4521,2,0.803667968,-1.371457695,0,0,0
373,8/1/2012,1,1,1,FALSE,0,FALSE,1,0.3375,0.340258,0.465,0.191542,599,2826,3425,2,1.180963367,-1.358078587,0,0,0
374,9/1/2012,1,1,1,FALSE,1,TRUE,2,0.224167,0.247479,0.701667,0.0989,106,2270,2376,2,1.429327246,0.404510862,0,0,0
375,10/1/2012,1,1,1,FALSE,2,TRUE,1,0.308696,0.318826,0.646522,0.187552,173,3425,3598,2,1.09974712,-0.802877584,0,0,0
376,11/1/2012,1,1,1,FALSE,3,TRUE,2,0.274167,0.282821,0.8475,0.131221,92,2085,2177,2,1.309944176,0.745065589,0,0,0
377,12/1/2012,1,1,1,FALSE,4,TRUE,2,0.3825,0.381938,0.802917,0.180967,269,3828,4097,2,0.829192706,0.2338679,0,0,0
378,13/01/2012,1,1,1,FALSE,5,TRUE,1,0.274167,0.249362,0.5075,0.378108,174,3040,3214,2,1.651705343,-1.450077072,0,0,0
379,14/01/2012,1,1,1,FALSE,6,FALSE,1,0.18,0.183087,0.4575,0.187183,333,2160,2493,2,1.76778481,-1.215372285,0,0,0
380,15/01/2012,1,1,1,FALSE,0,FALSE,1,0.166667,0.161625,0.419167,0.251258,284,2027,2311,2,1.97613406,-1.31976079,0,0,0
381,16/01/2012,1,1,1,TRUE,1,FALSE,1,0.19,0.190663,0.5225,0.231358,217,2081,2298,2,1.926724985,-1.043721981,0,0,0
382,17/01/2012,1,1,1,FALSE,2,TRUE,2,0.373043,0.364278,0.716087,0.34913,127,2808,2935,2,1.321677371,-0.113928679,0,0,0
383,18/01/2012,1,1,1,FALSE,3,TRUE,1,0.303333,0.275254,0.443333,0.415429,109,3267,3376,2,1.634348197,-1.710549196,0,0,0
384,19/01/2012,1,1,1,FALSE,4,TRUE,1,0.19,0.190038,0.4975,0.220158,130,3162,3292,2,1.626533281,-1.177946438,0,0,0
385,20/01/2012,1,1,1,FALSE,5,TRUE,2,0.2175,0.220958,0.45,0.20275,115,3048,3163,2,1.62735434,-0.608387694,0,0,0
386,21/01/2012,1,1,1,FALSE,6,FALSE,2,0.173333,0.174875,0.83125,0.222642,67,1234,1301,2,1.93449232,0.66211254,0,0,0
387,22/01/2012,1,1,1,FALSE,0,FALSE,2,0.1625,0.16225,0.79625,0.199638,196,1781,1977,2,1.877803845,0.601555026,0,0,0
388,23/01/2012,1,1,1,FALSE,1,TRUE,2,0.218333,0.243058,0.91125,0.110708,145,2287,2432,2,1.370545297,0.996903322,0,0,0
389,24/01/2012,1,1,1,FALSE,2,TRUE,1,0.3425,0.349108,0.835833,0.123767,439,3900,4339,2,0.729868709,-0.259603428,0,0,0
390,25/01/2012,1,1,1,FALSE,3,TRUE,1,0.294167,0.294821,0.64375,0.161071,467,3803,4270,2,1.029394953,-0.840276443,0,0,0
391,26/01/2012,1,1,1,FALSE,4,TRUE,2,0.341667,0.35605,0.769583,0.0733958,244,3831,4075,2,0.783243722,0.32932272,0,0,0
392,27/01/2012,1,1,1,FALSE,5,TRUE,2,0.425,0.415383,0.74125,0.342667,269,3187,3456,2,1.065855453,-0.164661628,0,0,0
393,28/01/2012,1,1,1,FALSE,6,FALSE,1,0.315833,0.326379,0.543333,0.210829,775,3248,4023,2,1.136702452,-1.280538256,0,0,0
394,29/01/2012,1,1,1,FALSE,0,FALSE,1,0.2825,0.272721,0.31125,0.24005,558,2685,3243,2,1.5310146,-1.811518549,0,1,0
395,30/01/2012,1,1,1,FALSE,1,TRUE,1,0.269167,0.262625,0.400833,0.215792,126,3498,3624,2,1.390780301,-1.515798851,0,0,0
396,31/01/2012,1,1,1,FALSE,2,TRUE,1,0.39,0.381317,0.416667,0.261817,324,4185,4509,2,0.966263209,-1.744839598,0,0,0
397,1/2/2012,1,1,2,FALSE,3,TRUE,1,0.469167,0.466538,0.507917,0.189067,304,4275,4579,2,0.498713989,-1.386873282,0,0,0
398,2/2/2012,1,1,2,FALSE,4,TRUE,2,0.399167,0.398971,0.672917,0.187187,190,3571,3761,2,0.829672432,-0.065582118,0,0,0
399,3/2/2012,1,1,2,FALSE,5,TRUE,1,0.313333,0.309346,0.526667,0.178496,310,3841,4151,2,1.007914263,-1.166357562,0,0,0
400,4/2/2012,1,1,2,FALSE,6,FALSE,2,0.264167,0.272725,0.779583,0.121896,384,2448,2832,2,1.255002018,0.487588429,0,0,0
401,5/2/2012,1,1,2,FALSE,0,FALSE,2,0.265833,0.264521,0.687917,0.175996,318,2629,2947,2,1.387307501,0.198703556,0,0,0
402,6/2/2012,1,1,2,FALSE,1,TRUE,1,0.282609,0.296426,0.622174,0.1538,206,3578,3784,2,1.056776609,-0.744814051,0,0,0
403,7/2/2012,1,1,2,FALSE,2,TRUE,1,0.354167,0.361104,0.49625,0.147379,199,4176,4375,2,0.808231628,-1.234373263,0,0,0
404,8/2/2012,1,1,2,FALSE,3,TRUE,2,0.256667,0.266421,0.722917,0.133721,109,2693,2802,2,1.279865684,0.389510922,0,0,0
405,9/2/2012,1,1,2,FALSE,4,TRUE,1,0.265,0.261988,0.562083,0.194037,163,3667,3830,2,1.209588877,-1.000933361,0,0,0
406,10/2/2012,1,1,2,FALSE,5,TRUE,2,0.280833,0.293558,0.54,0.116929,227,3604,3831,2,1.107903267,-0.276163867,0,0,0
407,11/2/2012,1,1,2,FALSE,6,FALSE,3,0.224167,0.210867,0.73125,0.289796,192,1977,2169,2,1.860555615,0.908095223,0,0,0
408,12/2/2012,1,1,2,FALSE,0,FALSE,1,0.1275,0.101658,0.464583,0.409212,73,1456,1529,2,2.401688781,-1.234856701,1,1,0
409,13/02/2012,1,1,2,FALSE,1,TRUE,1,0.2225,0.227913,0.41125,0.167283,94,3328,3422,2,1.409437191,-1.289954882,0,0,0
410,14/02/2012,1,1,2,FALSE,2,TRUE,2,0.319167,0.333946,0.50875,0.141179,135,3787,3922,2,1.032544537,-0.41060649,0,0,0
411,15/02/2012,1,1,2,FALSE,3,TRUE,1,0.348333,0.351629,0.53125,0.1816,141,4028,4169,2,0.894358421,-1.167279005,0,0,0
412,16/02/2012,1,1,2,FALSE,4,TRUE,2,0.316667,0.330162,0.752917,0.091425,74,2931,3005,2,0.982864437,0.457394282,0,0,0
413,17/02/2012,1,1,2,FALSE,5,TRUE,1,0.343333,0.351629,0.634583,0.205846,349,3805,4154,2,0.892871569,-0.922292654,0,0,0
414,18/02/2012,1,1,2,FALSE,6,FALSE,1,0.346667,0.355425,0.534583,0.190929,1435,2883,4318,2,0.924953705,-1.265496689,0,0,0
415,19/02/2012,1,1,2,FALSE,0,FALSE,2,0.28,0.265788,0.515833,0.253112,618,2071,2689,2,1.585939023,-0.399299014,0,0,0
416,20/02/2012,1,1,2,TRUE,1,FALSE,1,0.28,0.273391,0.507826,0.229083,502,2627,3129,2,1.500292567,-1.176911966,0,0,0
417,21/02/2012,1,1,2,FALSE,2,TRUE,1,0.287826,0.295113,0.594348,0.205717,163,3614,3777,2,1.139767801,-0.917657592,0,0,0
418,22/02/2012,1,1,2,FALSE,3,TRUE,1,0.395833,0.392667,0.567917,0.234471,394,4379,4773,2,0.744580627,-1.242250512,0,0,0
419,23/02/2012,1,1,2,FALSE,4,TRUE,1,0.454167,0.444446,0.554583,0.190913,516,4546,5062,2,0.473875434,-1.302865411,0,0,0
420,24/02/2012,1,1,2,FALSE,5,TRUE,2,0.4075,0.410971,0.7375,0.237567,246,3241,3487,2,0.881765263,0.056336083,0,0,0
421,25/02/2012,1,1,2,FALSE,6,FALSE,1,0.290833,0.255675,0.395833,0.421642,317,2415,2732,2,1.785172662,-1.785282746,0,1,0
422,26/02/2012,1,1,2,FALSE,0,FALSE,1,0.279167,0.268308,0.41,0.205229,515,2874,3389,2,1.376662151,-1.416102681,0,0,0
423,27/02/2012,1,1,2,FALSE,1,TRUE,1,0.366667,0.357954,0.490833,0.268033,253,4069,4322,2,0.990923447,-1.419699969,0,0,0
424,28/02/2012,1,1,2,FALSE,2,TRUE,1,0.359167,0.353525,0.395833,0.193417,229,4134,4363,2,0.92577621,-1.595316148,0,0,0
425,29/02/2012,1,1,2,FALSE,3,TRUE,2,0.344348,0.34847,0.804783,0.179117,65,1769,1834,2,1.182568186,0.596747884,0,0,0
426,1/3/2012,1,1,3,FALSE,4,TRUE,1,0.485833,0.475371,0.615417,0.226987,325,4665,4990,1,0.363176758,-1.130663629,0,0,0
427,2/3/2012,1,1,3,FALSE,5,TRUE,2,0.353333,0.359842,0.657083,0.144904,246,2948,3194,2,0.919777764,0.103596171,0,0,0
428,3/3/2012,1,1,3,FALSE,6,FALSE,2,0.414167,0.413492,0.62125,0.161079,956,3110,4066,2,0.715221515,-0.220079041,0,0,0
429,4/3/2012,1,1,3,FALSE,0,FALSE,1,0.325833,0.303021,0.403333,0.334571,710,2713,3423,2,1.393421681,-1.602018976,0,0,0
430,5/3/2012,1,1,3,FALSE,1,TRUE,1,0.243333,0.241171,0.50625,0.228858,203,3130,3333,2,1.370460682,-1.043278647,0,0,0
431,6/3/2012,1,1,3,FALSE,2,TRUE,1,0.258333,0.255042,0.456667,0.200875,221,3735,3956,2,1.218681625,-1.237122968,0,0,0
432,7/3/2012,1,1,3,FALSE,3,TRUE,1,0.404167,0.3851,0.513333,0.345779,432,4484,4916,2,0.863469434,-1.52001496,0,0,0
433,8/3/2012,1,1,3,FALSE,4,TRUE,1,0.5275,0.524604,0.5675,0.441563,486,4896,5382,2,0.516693032,-1.676514918,0,0,0
434,9/3/2012,1,1,3,FALSE,5,TRUE,2,0.410833,0.397083,0.407083,0.4148,447,4122,4569,2,1.106588868,-1.225473182,0,0,0
435,10/3/2012,1,1,3,FALSE,6,FALSE,1,0.2875,0.277767,0.350417,0.22575,968,3150,4118,2,1.237369938,-1.712443935,0,0,0
436,11/3/2012,1,1,3,FALSE,0,FALSE,1,0.361739,0.35967,0.476957,0.222587,1658,3253,4911,2,0.852464372,-1.416683307,0,0,0
437,12/3/2012,1,1,3,FALSE,1,TRUE,1,0.466667,0.459592,0.489167,0.207713,838,4460,5298,1,0.406410382,-1.454213962,0,0,0
438,13/03/2012,1,1,3,FALSE,2,TRUE,1,0.565,0.542929,0.6175,0.23695,762,5085,5847,1,0.045343904,-1.26888461,0,0,0
439,14/03/2012,1,1,3,FALSE,3,TRUE,1,0.5725,0.548617,0.507083,0.115062,997,5315,6312,1,-0.179579616,-1.474090056,0,0,0
440,15/03/2012,1,1,3,FALSE,4,TRUE,1,0.5575,0.532825,0.579583,0.149883,1005,5187,6192,1,-0.09552699,-1.301493241,0,0,0
441,16/03/2012,1,1,3,FALSE,5,TRUE,2,0.435833,0.436229,0.842083,0.113192,548,3830,4378,0,0.39631371,0.498818654,0,0,0
442,17/03/2012,1,1,3,FALSE,6,FALSE,2,0.514167,0.505046,0.755833,0.110704,3155,4681,7836,1,-0.207244026,-0.239318853,0,0,0
443,18/03/2012,1,1,3,FALSE,0,FALSE,2,0.4725,0.464,0.81,0.126883,2207,3685,5892,0,0.19598345,0.211064665,0,0,0
444,19/03/2012,1,1,3,FALSE,1,TRUE,1,0.545,0.532821,0.72875,0.162317,982,5171,6153,1,-0.105451566,-0.839838943,0,0,0
445,20/03/2012,1,1,3,FALSE,2,TRUE,1,0.560833,0.538533,0.807917,0.121271,1051,5042,6093,1,-0.227123964,-0.560072781,0,0,0
446,21/03/2012,2,1,3,FALSE,3,TRUE,2,0.531667,0.513258,0.82125,0.0895583,1122,5108,6230,0,-0.331107894,0.40412812,0,0,0
447,22/03/2012,2,1,3,FALSE,4,TRUE,1,0.554167,0.531567,0.83125,0.117562,1334,5537,6871,1,-0.526471758,-0.41080634,0,0,0
448,23/03/2012,2,1,3,FALSE,5,TRUE,2,0.601667,0.570067,0.694167,0.1163,2469,5893,8362,1,-0.71962387,-0.315471234,0,0,0
449,24/03/2012,2,1,3,FALSE,6,FALSE,2,0.5025,0.486733,0.885417,0.192783,1033,2339,3372,0,0.303465354,0.692594267,0,0,0
450,25/03/2012,2,1,3,FALSE,0,FALSE,2,0.4375,0.437488,0.880833,0.220775,1532,3464,4996,0,0.325115937,0.576467864,0,0,0
451,26/03/2012,2,1,3,FALSE,1,TRUE,1,0.445833,0.43875,0.477917,0.386821,795,4763,5558,2,0.516338553,-1.592370628,0,0,0
452,27/03/2012,2,1,3,FALSE,2,TRUE,1,0.323333,0.315654,0.29,0.187192,531,4571,5102,2,0.724357071,-1.700591016,0,0,0
453,28/03/2012,2,1,3,FALSE,3,TRUE,1,0.484167,0.47095,0.48125,0.291671,674,5024,5698,1,0.238100557,-1.505415335,0,0,0
454,29/03/2012,2,1,3,FALSE,4,TRUE,1,0.494167,0.482304,0.439167,0.31965,834,5299,6133,1,0.204544368,-1.738882748,0,0,0
455,30/03/2012,2,1,3,FALSE,5,TRUE,2,0.37,0.375621,0.580833,0.138067,796,4663,5459,2,0.394754426,-0.190632115,0,0,0
456,31/03/2012,2,1,3,FALSE,6,FALSE,2,0.424167,0.421708,0.738333,0.250617,2301,3934,6235,2,0.29305541,-0.079750137,0,0,0
457,1/4/2012,2,1,4,FALSE,0,FALSE,2,0.425833,0.417287,0.67625,0.172267,2347,3694,6041,1,0.192305749,0.018121282,0,0,0
458,2/4/2012,2,1,4,FALSE,1,TRUE,1,0.433913,0.427513,0.504348,0.312139,1208,4728,5936,1,0.323644103,-1.366746215,0,0,0
459,3/4/2012,2,1,4,FALSE,2,TRUE,1,0.466667,0.461483,0.396667,0.100133,1348,5424,6772,1,-0.171138951,-1.489119217,0,0,0
460,4/4/2012,2,1,4,FALSE,3,TRUE,1,0.541667,0.53345,0.469583,0.180975,1058,5378,6436,1,-0.262240609,-1.433574397,0,0,0
461,5/4/2012,2,1,4,FALSE,4,TRUE,1,0.435,0.431163,0.374167,0.219529,1192,5265,6457,1,0.150835144,-1.700610346,0,0,0
462,6/4/2012,2,1,4,FALSE,5,TRUE,1,0.403333,0.390767,0.377083,0.300388,1807,4653,6460,1,0.381251095,-1.797994623,0,0,0
463,7/4/2012,2,1,4,FALSE,6,FALSE,1,0.4375,0.426129,0.254167,0.274871,3252,3605,6857,1,0.279630728,-2.242714834,1,1,0
464,8/4/2012,2,1,4,FALSE,0,FALSE,1,0.5,0.492425,0.275833,0.232596,2230,2939,5169,1,0.24738061,-1.911926886,1,0,0
465,9/4/2012,2,1,4,FALSE,1,TRUE,1,0.489167,0.476638,0.3175,0.358196,905,4680,5585,1,0.355668778,-1.986523966,1,1,0
466,10/4/2012,2,1,4,FALSE,2,TRUE,1,0.446667,0.436233,0.435,0.249375,819,5099,5918,1,0.223157347,-1.492459475,0,0,0
467,11/4/2012,2,1,4,FALSE,3,TRUE,1,0.348696,0.337274,0.469565,0.295274,482,4380,4862,2,0.71869796,-1.278149096,0,0,0
468,12/4/2012,2,1,4,FALSE,4,TRUE,1,0.3975,0.387604,0.46625,0.290429,663,4746,5409,2,0.484932022,-1.392132275,0,0,0
469,13/04/2012,2,1,4,FALSE,5,TRUE,1,0.4425,0.431808,0.408333,0.155471,1252,5146,6398,1,0.032591427,-1.512042617,0,0,0
470,14/04/2012,2,1,4,FALSE,6,FALSE,1,0.495,0.487996,0.502917,0.190917,2795,4665,7460,1,-0.212727306,-1.502459271,0,0,0
471,15/04/2012,2,1,4,FALSE,0,FALSE,1,0.606667,0.573875,0.507917,0.225129,2846,4286,7132,1,-0.404175099,-1.512756693,0,0,0
472,16/04/2012,2,1,4,TRUE,1,FALSE,1,0.664167,0.614925,0.561667,0.284829,1198,5172,6370,1,-0.282568041,-1.43936372,0,0,0
473,17/04/2012,2,1,4,FALSE,2,TRUE,1,0.608333,0.598487,0.390417,0.273629,989,5702,6691,1,-0.322589233,-1.874998526,0,0,0
474,18/04/2012,2,1,4,FALSE,3,TRUE,2,0.463333,0.457038,0.569167,0.167912,347,4020,4367,1,0.272520761,-0.131025971,0,0,0
475,19/04/2012,2,1,4,FALSE,4,TRUE,1,0.498333,0.493046,0.6125,0.0659292,846,5719,6565,1,-0.386431759,-0.833182465,0,0,0
476,20/04/2012,2,1,4,FALSE,5,TRUE,1,0.526667,0.515775,0.694583,0.149871,1340,5950,7290,1,-0.468523172,-0.832604609,0,0,0
477,21/04/2012,2,1,4,FALSE,6,FALSE,1,0.57,0.542921,0.682917,0.283587,2541,4083,6624,1,-0.23263059,-1.078608764,0,0,0
478,22/04/2012,2,1,4,FALSE,0,FALSE,3,0.396667,0.389504,0.835417,0.344546,120,907,1027,0,1.222674045,1.494939005,0,0,0
479,23/04/2012,2,1,4,FALSE,1,TRUE,2,0.321667,0.301125,0.766667,0.303496,195,3019,3214,2,1.015937036,0.509857501,0,0,0
480,24/04/2012,2,1,4,FALSE,2,TRUE,1,0.413333,0.405283,0.454167,0.249383,518,5115,5633,1,0.351723785,-1.379372418,0,0,0
481,25/04/2012,2,1,4,FALSE,3,TRUE,1,0.476667,0.470317,0.427917,0.118792,655,5541,6196,1,-0.111189608,-1.382748265,0,0,0
482,26/04/2012,2,1,4,FALSE,4,TRUE,2,0.498333,0.483583,0.756667,0.176625,475,4551,5026,0,0.026051659,0.294903787,0,0,0
483,27/04/2012,2,1,4,FALSE,5,TRUE,1,0.4575,0.452637,0.400833,0.347633,1014,5219,6233,1,0.294018928,-1.822634265,0,0,0
484,28/04/2012,2,1,4,FALSE,6,FALSE,2,0.376667,0.377504,0.489583,0.129975,1120,3100,4220,2,0.562890777,-0.299244284,0,0,0
485,29/04/2012,2,1,4,FALSE,0,FALSE,1,0.458333,0.450121,0.587083,0.116908,2229,4075,6304,1,-0.075191101,-0.916634429,0,0,0
486,30/04/2012,2,1,4,FALSE,1,TRUE,2,0.464167,0.457696,0.57,0.171638,665,4907,5572,1,0.122334356,-0.242745643,0,0,0
487,1/5/2012,2,1,5,FALSE,2,TRUE,2,0.613333,0.577021,0.659583,0.156096,653,5087,5740,1,-0.427247477,-0.029202923,0,0,0
488,2/5/2012,2,1,5,FALSE,3,TRUE,1,0.564167,0.537896,0.797083,0.138058,667,5502,6169,1,-0.519021193,-0.326359888,0,0,0
489,3/5/2012,2,1,5,FALSE,4,TRUE,2,0.56,0.537242,0.768333,0.133696,764,5657,6421,0,-0.458830676,0.262122852,0,0,0
490,4/5/2012,2,1,5,FALSE,5,TRUE,1,0.6275,0.590917,0.735417,0.162938,1069,5227,6296,1,-0.656709819,-0.628887734,0,0,0
491,5/5/2012,2,1,5,FALSE,6,FALSE,2,0.621667,0.584608,0.756667,0.152992,2496,4387,6883,1,-0.608125675,0.039485126,0,0,0
492,6/5/2012,2,1,5,FALSE,0,FALSE,2,0.5625,0.546737,0.74,0.149879,2135,4224,6359,1,-0.372694781,0.162874936,0,0,0
493,7/5/2012,2,1,5,FALSE,1,TRUE,2,0.5375,0.527142,0.664167,0.230721,1008,5265,6273,1,-0.191969785,-0.124949113,0,0,0
494,8/5/2012,2,1,5,FALSE,2,TRUE,2,0.581667,0.557471,0.685833,0.296029,738,4990,5728,1,-0.145728395,-0.143320311,0,0,0
495,9/5/2012,2,1,5,FALSE,3,TRUE,2,0.575,0.553025,0.744167,0.216412,620,4097,4717,0,-0.14314269,0.251183904,0,0,0
496,10/5/2012,2,1,5,FALSE,4,TRUE,1,0.505833,0.491783,0.552083,0.314063,1026,5546,6572,1,-0.048186754,-1.3234303,0,0,0
497,11/5/2012,2,1,5,FALSE,5,TRUE,1,0.533333,0.520833,0.360417,0.236937,1319,5711,7030,1,-0.238217759,-1.850865864,0,0,0
498,12/5/2012,2,1,5,FALSE,6,FALSE,1,0.564167,0.544817,0.480417,0.123133,2622,4807,7429,1,-0.549532825,-1.445862714,0,0,0
499,13/05/2012,2,1,5,FALSE,0,FALSE,1,0.6125,0.585238,0.57625,0.225117,2172,3946,6118,1,-0.379316612,-1.142612102,0,0,0
500,14/05/2012,2,1,5,FALSE,1,TRUE,2,0.573333,0.5499,0.789583,0.212692,342,2501,2843,0,0.093048908,0.619757216,0,0,0
501,15/05/2012,2,1,5,FALSE,2,TRUE,2,0.611667,0.576404,0.794583,0.147392,625,4490,5115,0,-0.409426538,0.447603627,0,0,0
502,16/05/2012,2,1,5,FALSE,3,TRUE,1,0.636667,0.595975,0.697917,0.122512,991,6433,7424,1,-0.867592657,-0.78218998,0,0,0
503,17/05/2012,2,1,5,FALSE,4,TRUE,1,0.593333,0.572613,0.52,0.229475,1242,6142,7384,1,-0.529473204,-1.445247916,0,0,0
504,18/05/2012,2,1,5,FALSE,5,TRUE,1,0.564167,0.551121,0.523333,0.136817,1521,6118,7639,1,-0.63098817,-1.313871929,0,0,0
505,19/05/2012,2,1,5,FALSE,6,FALSE,1,0.6,0.566908,0.45625,0.083975,3410,4884,8294,1,-0.801222809,-1.574713306,0,0,0
506,20/05/2012,2,1,5,FALSE,0,FALSE,1,0.620833,0.583967,0.530417,0.254367,2704,4425,7129,1,-0.459478174,-1.434167082,0,0,0
507,21/05/2012,2,1,5,FALSE,1,TRUE,2,0.598333,0.565667,0.81125,0.233204,630,3729,4359,0,-0.146308613,0.469926206,0,0,0
508,22/05/2012,2,1,5,FALSE,2,TRUE,2,0.615,0.580825,0.765833,0.118167,819,5254,6073,0,-0.580592058,0.30030301,0,0,0
509,23/05/2012,2,1,5,FALSE,3,TRUE,2,0.621667,0.584612,0.774583,0.102,766,4494,5260,0,-0.520181677,0.423163692,0,0,0
510,24/05/2012,2,1,5,FALSE,4,TRUE,1,0.655,0.6067,0.716667,0.172896,1059,5711,6770,1,-0.75914095,-0.756152016,0,0,0
511,25/05/2012,2,1,5,FALSE,5,TRUE,1,0.68,0.627529,0.747083,0.14055,1417,5317,6734,1,-0.888931387,-0.644525264,0,0,0
512,26/05/2012,2,1,5,FALSE,6,FALSE,1,0.6925,0.642696,0.7325,0.198992,2855,3681,6536,1,-0.763990237,-0.818506532,0,0,0
513,27/05/2012,2,1,5,FALSE,0,FALSE,1,0.69,0.641425,0.697083,0.215171,3283,3308,6591,1,-0.709616234,-0.880037204,0,0,0
514,28/05/2012,2,1,5,TRUE,1,FALSE,1,0.7125,0.6793,0.67625,0.196521,2557,3486,6043,1,-0.649469866,-0.913551832,0,0,0
515,29/05/2012,2,1,5,FALSE,2,TRUE,1,0.7225,0.672992,0.684583,0.2954,880,4863,5743,1,-0.624562457,-0.954444317,0,0,0
516,30/05/2012,2,1,5,FALSE,3,TRUE,2,0.656667,0.611129,0.67,0.134329,745,6110,6855,1,-0.732786578,-0.13051048,0,0,0
517,31/05/2012,2,1,5,FALSE,4,TRUE,1,0.68,0.631329,0.492917,0.195279,1100,6238,7338,1,-0.785598972,-1.525979698,0,0,0
518,1/6/2012,2,1,6,FALSE,5,TRUE,2,0.654167,0.607962,0.755417,0.237563,533,3594,4127,0,-0.301623841,0.305315839,0,0,0
519,2/6/2012,2,1,6,FALSE,6,FALSE,1,0.583333,0.566288,0.549167,0.186562,2795,5325,8120,1,-0.688923145,-1.366569714,0,0,0
520,3/6/2012,2,1,6,FALSE,0,FALSE,1,0.6025,0.575133,0.493333,0.184087,2494,5147,7641,1,-0.632056908,-1.413866989,0,0,0
521,4/6/2012,2,1,6,FALSE,1,TRUE,1,0.5975,0.578283,0.487083,0.284833,1071,5927,6998,1,-0.441911256,-1.485150458,0,0,0
522,5/6/2012,2,1,6,FALSE,2,TRUE,2,0.540833,0.525892,0.613333,0.209575,968,6033,7001,1,-0.359202331,-0.266686502,0,0,0
523,6/6/2012,2,1,6,FALSE,3,TRUE,1,0.554167,0.542292,0.61125,0.077125,1027,6028,7055,1,-0.700029097,-0.804444751,0,0,0
524,7/6/2012,2,1,6,FALSE,4,TRUE,1,0.6025,0.569442,0.567083,0.15735,1038,6456,7494,1,-0.734946964,-1.145620752,0,0,0
525,8/6/2012,2,1,6,FALSE,5,TRUE,1,0.649167,0.597862,0.467917,0.175383,1488,6248,7736,1,-0.815872392,-1.53127511,0,0,0
526,9/6/2012,2,1,6,FALSE,6,FALSE,1,0.710833,0.648367,0.437083,0.144287,2708,4790,7498,1,-0.944067094,-1.646321871,0,0,0
527,10/6/2012,2,1,6,FALSE,0,FALSE,1,0.726667,0.663517,0.538333,0.133721,2224,4374,6598,1,-0.913225361,-1.177677002,0,0,0
528,11/6/2012,2,1,6,FALSE,1,TRUE,2,0.720833,0.659721,0.587917,0.207713,1017,5647,6664,1,-0.783215361,-0.416109255,0,0,0
529,12/6/2012,2,1,6,FALSE,2,TRUE,2,0.653333,0.597875,0.833333,0.214546,477,4495,4972,0,-0.453481418,0.515685777,0,0,0
530,13/06/2012,2,1,6,FALSE,3,TRUE,1,0.655833,0.611117,0.582083,0.343279,1173,6248,7421,1,-0.59086509,-1.403027913,0,0,0
531,14/06/2012,2,1,6,FALSE,4,TRUE,1,0.648333,0.624383,0.569583,0.253733,1180,6183,7363,1,-0.728093063,-1.311372248,0,0,0
532,15/06/2012,2,1,6,FALSE,5,TRUE,1,0.639167,0.599754,0.589583,0.176617,1563,6102,7665,1,-0.842650482,-1.166735155,0,0,0
533,16/06/2012,2,1,6,FALSE,6,FALSE,1,0.631667,0.594708,0.504167,0.166667,2963,4739,7702,1,-0.762078069,-1.453071192,0,0,0
534,17/06/2012,2,1,6,FALSE,0,FALSE,1,0.5925,0.571975,0.59875,0.144904,2634,4344,6978,1,-0.627411301,-0.968639835,0,0,0
535,18/06/2012,2,1,6,FALSE,1,TRUE,2,0.568333,0.544842,0.777917,0.174746,653,4446,5099,0,-0.29602828,0.467888146,0,0,0
536,19/06/2012,2,1,6,FALSE,2,TRUE,1,0.688333,0.654692,0.69,0.148017,968,5857,6825,1,-0.968506346,-0.744785483,0,0,0
537,20/06/2012,2,1,6,FALSE,3,TRUE,1,0.7825,0.720975,0.592083,0.113812,872,5339,6211,1,-1.147048524,-0.988371301,0,0,0
538,21/06/2012,3,1,6,FALSE,4,TRUE,1,0.805833,0.752542,0.567917,0.118787,778,5127,5905,1,-1.37450077,-0.888663746,0,0,0
539,22/06/2012,3,1,6,FALSE,5,TRUE,1,0.7775,0.724121,0.57375,0.182842,964,4859,5823,1,-1.184032154,-0.948943341,0,0,0
540,23/06/2012,3,1,6,FALSE,6,FALSE,1,0.731667,0.652792,0.534583,0.179721,2657,4801,7458,1,-1.158761013,-1.242520613,0,0,0
541,24/06/2012,3,1,6,FALSE,0,FALSE,1,0.743333,0.674254,0.479167,0.145525,2551,4340,6891,1,-1.148541687,-1.232957888,0,0,0
542,25/06/2012,3,1,6,FALSE,1,TRUE,1,0.715833,0.654042,0.504167,0.300383,1139,5640,6779,1,-0.888064119,-1.334634389,0,0,0
543,26/06/2012,3,1,6,FALSE,2,TRUE,1,0.630833,0.594704,0.373333,0.347642,1077,6365,7442,1,-0.63357663,-1.814747674,0,0,0
544,27/06/2012,3,1,6,FALSE,3,TRUE,1,0.6975,0.640792,0.36,0.271775,1077,6258,7335,1,-0.903935409,-1.783979482,0,0,0
545,28/06/2012,3,1,6,FALSE,4,TRUE,1,0.749167,0.675512,0.4225,0.17165,921,5958,6879,1,-1.155694587,-1.446028897,0,0,0
546,29/06/2012,3,1,6,FALSE,5,TRUE,1,0.834167,0.786613,0.48875,0.165417,829,4634,5463,1,-1.312628954,-1.179713073,0,0,0
547,30/06/2012,3,1,6,FALSE,6,FALSE,1,0.765,0.687508,0.60125,0.161071,1455,4232,5687,1,-1.085567869,-0.853561179,0,0,0
548,1/7/2012,3,1,7,FALSE,0,FALSE,1,0.815833,0.750629,0.51875,0.168529,1421,4110,5531,1,-1.233970984,-0.997273412,0,0,0
549,2/7/2012,3,1,7,FALSE,1,TRUE,1,0.781667,0.702038,0.447083,0.195267,904,5323,6227,1,-1.179689754,-1.260483158,0,0,0
550,3/7/2012,3,1,7,FALSE,2,TRUE,1,0.780833,0.70265,0.492083,0.126237,1052,5608,6660,1,-1.362685745,-1.083089378,0,0,0
551,4/7/2012,3,1,7,TRUE,3,FALSE,1,0.789167,0.732337,0.53875,0.13495,2562,4841,7403,1,-1.374990813,-1.134039542,0,0,0
552,5/7/2012,3,1,7,FALSE,4,TRUE,1,0.8275,0.761367,0.457917,0.194029,1405,4836,6241,1,-1.359516626,-1.306610852,0,0,0
553,6/7/2012,3,1,7,FALSE,5,TRUE,1,0.828333,0.752533,0.450833,0.146142,1366,4841,6207,1,-1.414589145,-1.25932774,0,0,0
554,7/7/2012,3,1,7,FALSE,6,FALSE,1,0.861667,0.804913,0.492083,0.163554,1448,3392,4840,1,-1.31153593,-1.103753303,0,0,0
555,8/7/2012,3,1,7,FALSE,0,FALSE,1,0.8225,0.790396,0.57375,0.125629,1203,3469,4672,1,-1.28297605,-0.69656478,0,0,0
556,9/7/2012,3,1,7,FALSE,1,TRUE,2,0.710833,0.654054,0.683333,0.180975,998,5571,6569,1,-1.077486877,0.165319285,0,0,0
557,10/7/2012,3,1,7,FALSE,2,TRUE,2,0.720833,0.664796,0.6675,0.151737,954,5336,6290,1,-1.113593819,0.173744479,0,0,0
558,11/7/2012,3,1,7,FALSE,3,TRUE,1,0.716667,0.650271,0.633333,0.151733,975,6289,7264,1,-1.285352334,-0.739898813,0,0,0
559,12/7/2012,3,1,7,FALSE,4,TRUE,1,0.715833,0.654683,0.529583,0.146775,1032,6414,7446,1,-1.283650007,-1.068668428,0,0,0
560,13/07/2012,3,1,7,FALSE,5,TRUE,2,0.731667,0.667933,0.485833,0.08085,1511,5988,7499,1,-1.336413619,-0.422355198,0,0,0
561,14/07/2012,3,1,7,FALSE,6,FALSE,2,0.703333,0.666042,0.699167,0.143679,2355,4614,6969,1,-1.166632492,0.122389121,0,0,0
562,15/07/2012,3,1,7,FALSE,0,FALSE,1,0.745833,0.705196,0.717917,0.166667,1920,4111,6031,1,-1.208161123,-0.420614565,0,0,0
563,16/07/2012,3,1,7,FALSE,1,TRUE,1,0.763333,0.724125,0.645,0.164187,1088,5742,6830,1,-1.396451982,-0.702604414,0,0,0
564,17/07/2012,3,1,7,FALSE,2,TRUE,1,0.818333,0.755683,0.505833,0.114429,921,5865,6786,1,-1.543738578,-1.075436198,0,0,0
565,18/07/2012,3,1,7,FALSE,3,TRUE,1,0.793333,0.745583,0.577083,0.137442,799,4914,5713,1,-1.346365002,-0.782847356,0,0,0
566,19/07/2012,3,1,7,FALSE,4,TRUE,1,0.77,0.714642,0.600417,0.165429,888,5703,6591,1,-1.34754634,-0.84292576,0,0,0
567,20/07/2012,3,1,7,FALSE,5,TRUE,2,0.665833,0.613025,0.844167,0.208967,747,5123,5870,0,-0.887198697,0.656387217,0,0,0
568,21/07/2012,3,1,7,FALSE,6,FALSE,3,0.595833,0.549912,0.865417,0.2133,1264,3195,4459,0,-0.367885922,1.570072264,0,0,0
569,22/07/2012,3,1,7,FALSE,0,FALSE,2,0.6675,0.623125,0.7625,0.0939208,2544,4866,7410,1,-1.187281106,0.437854461,0,0,0
570,23/07/2012,3,1,7,FALSE,1,TRUE,1,0.741667,0.690017,0.694167,0.138683,1135,5831,6966,1,-1.386052945,-0.512391838,0,0,0
571,24/07/2012,3,1,7,FALSE,2,TRUE,1,0.750833,0.70645,0.655,0.211454,1140,6452,7592,1,-1.384936836,-0.828050626,0,0,0
572,25/07/2012,3,1,7,FALSE,3,TRUE,1,0.724167,0.654054,0.45,0.1648,1383,6790,8173,1,-1.327976985,-1.399179665,0,0,0
573,26/07/2012,3,1,7,FALSE,4,TRUE,1,0.776667,0.739263,0.596667,0.284813,1036,5825,6861,1,-1.249903017,-1.077643435,0,0,0
574,27/07/2012,3,1,7,FALSE,5,TRUE,1,0.781667,0.734217,0.594583,0.152992,1259,5645,6904,1,-1.457067319,-0.89975954,0,0,0
575,28/07/2012,3,1,7,FALSE,6,FALSE,1,0.755833,0.697604,0.613333,0.15735,2234,4451,6685,1,-1.285113262,-0.855299147,0,0,0
576,29/07/2012,3,1,7,FALSE,0,FALSE,1,0.721667,0.667933,0.62375,0.170396,2153,4444,6597,1,-1.143072546,-0.738271681,0,0,0
577,30/07/2012,3,1,7,FALSE,1,TRUE,1,0.730833,0.684987,0.66875,0.153617,1040,6065,7105,1,-1.347484416,-0.618153711,0,0,0
578,31/07/2012,3,1,7,FALSE,2,TRUE,1,0.713333,0.662896,0.704167,0.165425,968,6248,7216,1,-1.299945964,-0.540547554,0,0,0
579,1/8/2012,3,1,8,FALSE,3,TRUE,1,0.7175,0.667308,0.6775,0.141179,1074,6506,7580,1,-1.444169985,-0.569881388,0,0,0
580,2/8/2012,3,1,8,FALSE,4,TRUE,1,0.7525,0.707088,0.659583,0.129354,983,6278,7261,1,-1.531258564,-0.611533932,0,0,0
581,3/8/2012,3,1,8,FALSE,5,TRUE,2,0.765833,0.722867,0.6425,0.215792,1328,5847,7175,1,-1.34523254,-0.103832494,0,0,0
582,4/8/2012,3,1,8,FALSE,6,FALSE,1,0.793333,0.751267,0.613333,0.257458,2345,4479,6824,1,-1.347160234,-0.992890712,0,0,0
583,5/8/2012,3,1,8,FALSE,0,FALSE,1,0.769167,0.731079,0.6525,0.290421,1707,3757,5464,1,-1.048704519,-0.69114736,0,0,0
584,6/8/2012,3,1,8,FALSE,1,TRUE,2,0.7525,0.710246,0.654167,0.129354,1233,5780,7013,1,-1.408914383,0.137209171,0,0,0
585,7/8/2012,3,1,8,FALSE,2,TRUE,2,0.735833,0.697621,0.70375,0.116908,1278,5995,7273,1,-1.440360958,0.272590377,0,0,0
586,8/8/2012,3,1,8,FALSE,3,TRUE,2,0.75,0.707717,0.672917,0.1107,1263,6271,7534,1,-1.511505119,0.141825342,0,0,0
587,9/8/2012,3,1,8,FALSE,4,TRUE,1,0.755833,0.699508,0.620417,0.1561,1196,6090,7286,1,-1.470382658,-0.767568801,0,0,0
588,10/8/2012,3,1,8,FALSE,5,TRUE,2,0.715833,0.667942,0.715833,0.238813,1065,4721,5786,1,-0.994772378,0.269537121,0,0,0
589,11/8/2012,3,1,8,FALSE,6,FALSE,2,0.6925,0.638267,0.732917,0.206479,2247,4052,6299,1,-0.989448599,0.281150784,0,0,0
590,12/8/2012,3,1,8,FALSE,0,FALSE,1,0.700833,0.644579,0.530417,0.122512,2182,4362,6544,1,-1.156892192,-0.84771245,0,0,0
591,13/08/2012,3,1,8,FALSE,1,TRUE,1,0.720833,0.662254,0.545417,0.136212,1207,5676,6883,1,-1.29713073,-0.847699536,0,0,0
592,14/08/2012,3,1,8,FALSE,2,TRUE,1,0.726667,0.676779,0.686667,0.169158,1128,5656,6784,1,-1.326262235,-0.494432247,0,0,0
593,15/08/2012,3,1,8,FALSE,3,TRUE,1,0.706667,0.654037,0.619583,0.169771,1198,6149,7347,1,-1.30910391,-0.747360838,0,0,0
594,16/08/2012,3,1,8,FALSE,4,TRUE,1,0.719167,0.654688,0.519167,0.141796,1338,6267,7605,1,-1.366882612,-1.043454171,0,0,0
595,17/08/2012,3,1,8,FALSE,5,TRUE,1,0.723333,0.2424,0.570833,0.231354,1483,5665,7148,1,-0.525538739,-0.822878507,0,0,0
596,18/08/2012,3,1,8,FALSE,6,FALSE,1,0.678333,0.618071,0.603333,0.177867,2827,5038,7865,1,-1.217547929,-0.914254262,0,0,0
597,19/08/2012,3,1,8,FALSE,0,FALSE,2,0.635833,0.603554,0.711667,0.08645,1208,3341,4549,0,-0.777153495,0.700474853,0,0,0
598,20/08/2012,3,1,8,FALSE,1,TRUE,2,0.635833,0.595967,0.734167,0.129979,1026,5504,6530,0,-1.021364159,0.51611226,0,0,0
599,21/08/2012,3,1,8,FALSE,2,TRUE,1,0.649167,0.601025,0.67375,0.0727708,1081,5925,7006,1,-1.261139306,-0.347888667,0,0,0
600,22/08/2012,3,1,8,FALSE,3,TRUE,1,0.6675,0.621854,0.677083,0.0702833,1094,6281,7375,1,-1.378297573,-0.402349965,0,0,0
601,23/08/2012,3,1,8,FALSE,4,TRUE,1,0.695833,0.637008,0.635833,0.0845958,1363,6402,7765,1,-1.459725804,-0.616550097,0,0,0
602,24/08/2012,3,1,8,FALSE,5,TRUE,2,0.7025,0.6471,0.615,0.0721458,1325,6257,7582,1,-1.390912429,0.046126498,0,0,0
603,25/08/2012,3,1,8,FALSE,6,FALSE,2,0.661667,0.618696,0.712917,0.244408,1829,4224,6053,1,-0.814671908,0.212222486,0,0,0
604,26/08/2012,3,1,8,FALSE,0,FALSE,2,0.653333,0.595996,0.845833,0.228858,1483,3772,5255,0,-0.720895505,0.794995257,0,0,0
605,27/08/2012,3,1,8,FALSE,1,TRUE,1,0.703333,0.654688,0.730417,0.128733,989,5928,6917,1,-1.350401354,-0.289467385,0,0,0
606,28/08/2012,3,1,8,FALSE,2,TRUE,1,0.728333,0.66605,0.62,0.190925,935,6105,7040,1,-1.284706661,-0.746507794,0,0,0
607,29/08/2012,3,1,8,FALSE,3,TRUE,1,0.685,0.635733,0.552083,0.112562,1177,6520,7697,1,-1.353692326,-0.879657287,0,0,0
608,30/08/2012,3,1,8,FALSE,4,TRUE,1,0.706667,0.652779,0.590417,0.0771167,1172,6541,7713,1,-1.487266458,-0.742981435,0,0,0
609,31/08/2012,3,1,8,FALSE,5,TRUE,1,0.764167,0.6894,0.5875,0.168533,1433,5917,7350,1,-1.444866943,-0.900633159,0,0,0
610,1/9/2012,3,1,9,FALSE,6,FALSE,2,0.753333,0.702654,0.638333,0.113187,2352,3788,6140,1,-1.319297001,0.180112024,0,0,0
611,2/9/2012,3,1,9,FALSE,0,FALSE,2,0.696667,0.649,0.815,0.0640708,2613,3197,5810,0,-1.235645175,0.922601701,0,0,0
612,3/9/2012,3,1,9,TRUE,1,FALSE,1,0.7075,0.661629,0.790833,0.151121,1965,4069,6034,1,-1.141115091,-0.053904881,0,0,0
613,4/9/2012,3,1,9,FALSE,2,TRUE,1,0.725833,0.686888,0.755,0.236321,867,5997,6864,1,-1.331782217,-0.342696526,0,0,0
614,5/9/2012,3,1,9,FALSE,3,TRUE,1,0.736667,0.708983,0.74125,0.187808,832,6280,7112,1,-1.487329247,-0.361414374,0,0,0
615,6/9/2012,3,1,9,FALSE,4,TRUE,2,0.696667,0.655329,0.810417,0.142421,611,5592,6203,0,-1.237750332,0.73831653,0,0,0
616,7/9/2012,3,1,9,FALSE,5,TRUE,1,0.703333,0.657204,0.73625,0.171646,1045,6459,7504,1,-1.434398841,-0.383383363,0,0,0
617,8/9/2012,3,1,9,FALSE,6,FALSE,2,0.659167,0.611121,0.799167,0.281104,1557,4419,5976,0,-0.821770452,0.48769751,0,0,0
618,9/9/2012,3,1,9,FALSE,0,FALSE,1,0.61,0.578925,0.5475,0.224496,2570,5657,8227,1,-1.046161046,-1.006718537,0,0,0
619,10/9/2012,3,1,9,FALSE,1,TRUE,1,0.583333,0.565654,0.50375,0.258713,1118,6407,7525,1,-0.876103828,-1.064598384,0,0,0
620,11/9/2012,3,1,9,FALSE,2,TRUE,1,0.5775,0.554292,0.52,0.0920542,1070,6697,7767,1,-1.143979238,-0.795001784,0,0,0
621,12/9/2012,3,1,9,FALSE,3,TRUE,1,0.599167,0.570075,0.577083,0.131846,1050,6820,7870,1,-1.180096903,-0.726920012,0,0,0
622,13/09/2012,3,1,9,FALSE,4,TRUE,1,0.6125,0.579558,0.637083,0.0827208,1054,6750,7804,1,-1.308057571,-0.49076794,0,0,0
623,14/09/2012,3,1,9,FALSE,5,TRUE,1,0.633333,0.594083,0.6725,0.103863,1379,6630,8009,1,-1.373947836,-0.467918393,0,0,0
624,15/09/2012,3,1,9,FALSE,6,FALSE,1,0.608333,0.585867,0.501667,0.247521,3160,5554,8714,1,-1.082663867,-1.302023001,0,0,1
625,16/09/2012,3,1,9,FALSE,0,FALSE,1,0.58,0.563125,0.57,0.0901833,2166,5167,7333,1,-1.072603951,-0.620730926,0,0,0
626,17/09/2012,3,1,9,FALSE,1,TRUE,2,0.580833,0.55305,0.734583,0.151742,1022,5847,6869,0,-0.937621186,0.553515568,0,0,0
627,18/09/2012,3,1,9,FALSE,2,TRUE,2,0.623333,0.565067,0.8725,0.357587,371,3702,4073,0,-0.395538359,0.915063852,0,0,0
628,19/09/2012,3,1,9,FALSE,3,TRUE,1,0.5525,0.540404,0.536667,0.215175,788,6803,7591,1,-0.884237396,-0.910467842,0,0,0
629,20/09/2012,3,1,9,FALSE,4,TRUE,1,0.546667,0.532192,0.618333,0.118167,939,6781,7720,1,-1.062934954,-0.544605722,0,0,0
630,21/09/2012,3,1,9,FALSE,5,TRUE,1,0.599167,0.571971,0.66875,0.154229,1250,6917,8167,1,-1.231143917,-0.550018259,0,0,0
631,22/09/2012,3,1,9,FALSE,6,FALSE,1,0.65,0.610488,0.646667,0.283583,2512,5883,8395,1,-1.144973543,-0.925089634,0,0,0
632,23/09/2012,4,1,9,FALSE,0,FALSE,1,0.529167,0.518933,0.467083,0.223258,2454,5453,7907,1,-0.955430047,-0.969462362,0,0,0
633,24/09/2012,4,1,9,FALSE,1,TRUE,1,0.514167,0.502513,0.492917,0.142404,1001,6435,7436,1,-1.030813961,-0.677659474,0,0,0
634,25/09/2012,4,1,9,FALSE,2,TRUE,1,0.55,0.544179,0.57,0.236321,845,6693,7538,1,-1.055361779,-0.649601809,0,0,0
635,26/09/2012,4,1,9,FALSE,3,TRUE,1,0.635,0.596613,0.630833,0.2444,787,6946,7733,1,-1.304751378,-0.572658804,0,0,0
636,27/09/2012,4,1,9,FALSE,4,TRUE,2,0.65,0.607975,0.690833,0.134342,751,6642,7393,1,-1.410632016,0.487888359,0,0,0
637,28/09/2012,4,1,9,FALSE,5,TRUE,2,0.619167,0.585863,0.69,0.164179,1045,6370,7415,1,-1.289947966,0.447206976,0,0,0
638,29/09/2012,4,1,9,FALSE,6,FALSE,1,0.5425,0.530296,0.542917,0.227604,2589,5966,8555,1,-1.119815588,-0.906267634,0,0,1
639,30/09/2012,4,1,9,FALSE,0,FALSE,1,0.526667,0.517663,0.583333,0.134958,2015,4874,6889,1,-0.997009474,-0.382908811,0,0,0
640,1/10/2012,4,1,10,FALSE,1,TRUE,2,0.520833,0.512,0.649167,0.0908042,763,6015,6778,0,-1.081043739,0.692622495,0,0,0
641,2/10/2012,4,1,10,FALSE,2,TRUE,3,0.590833,0.542333,0.871667,0.104475,315,4324,4639,0,-0.937801328,2.206543454,1,1,0
642,3/10/2012,4,1,10,FALSE,3,TRUE,2,0.6575,0.599133,0.79375,0.0665458,728,6844,7572,0,-1.626755523,0.951357966,1,1,0
643,4/10/2012,4,1,10,FALSE,4,TRUE,2,0.6575,0.607975,0.722917,0.117546,891,6437,7328,0,-1.505550831,0.678038441,1,0,0
644,5/10/2012,4,1,10,FALSE,5,TRUE,1,0.615,0.580187,0.6275,0.10635,1516,6640,8156,1,-1.573215771,-0.360889695,0,0,0
645,6/10/2012,4,1,10,FALSE,6,FALSE,1,0.554167,0.538521,0.664167,0.268025,3031,4934,7965,1,-1.114099801,-0.490320307,0,0,0
646,7/10/2012,4,1,10,FALSE,0,FALSE,2,0.415833,0.419813,0.708333,0.141162,781,2729,3510,0,-0.242626358,1.196136938,0,0,0
647,8/10/2012,4,1,10,TRUE,1,FALSE,2,0.383333,0.387608,0.709583,0.189679,874,4604,5478,0,-0.226959096,0.901004432,0,0,0
648,9/10/2012,4,1,10,FALSE,2,TRUE,2,0.446667,0.438112,0.761667,0.1903,601,5791,6392,0,-0.699297089,0.960212694,0,0,0
649,10/10/2012,4,1,10,FALSE,3,TRUE,1,0.514167,0.503142,0.630833,0.187821,780,6911,7691,1,-1.112063619,-0.32878648,0,0,0
650,11/10/2012,4,1,10,FALSE,4,TRUE,1,0.435,0.431167,0.463333,0.181596,834,6736,7570,1,-0.80843727,-0.7462377,0,0,0
651,12/10/2012,4,1,10,FALSE,5,TRUE,1,0.4375,0.433071,0.539167,0.235092,1060,6222,7282,1,-0.729383597,-0.588187708,0,0,0
652,13/10/2012,4,1,10,FALSE,6,FALSE,1,0.393333,0.391396,0.494583,0.146142,2252,4857,7109,1,-0.645023873,-0.582543527,0,0,0
653,14/10/2012,4,1,10,FALSE,0,FALSE,1,0.521667,0.508204,0.640417,0.278612,2080,4559,6639,1,-0.800047198,-0.334608834,0,0,0
654,15/10/2012,4,1,10,FALSE,1,TRUE,2,0.561667,0.53915,0.7075,0.296037,760,5115,5875,0,-0.776749015,0.622192316,0,0,0
655,16/10/2012,4,1,10,FALSE,2,TRUE,1,0.468333,0.460846,0.558333,0.182221,922,6612,7534,1,-0.932291877,-0.467488449,0,0,0
656,17/10/2012,4,1,10,FALSE,3,TRUE,1,0.455833,0.450108,0.692917,0.101371,979,6482,7461,1,-1.067482091,0.054158914,0,0,0
657,18/10/2012,4,1,10,FALSE,4,TRUE,2,0.5225,0.512625,0.728333,0.236937,1008,6501,7509,0,-0.99912354,0.585485771,0,0,0
658,19/10/2012,4,1,10,FALSE,5,TRUE,2,0.563333,0.537896,0.815,0.134954,753,4671,5424,0,-1.017618921,1.182918043,0,0,0
659,20/10/2012,4,1,10,FALSE,6,FALSE,1,0.484167,0.472842,0.572917,0.117537,2806,5284,8090,1,-1.114030458,-0.486914121,0,0,0
660,21/10/2012,4,1,10,FALSE,0,FALSE,1,0.464167,0.456429,0.51,0.166054,2132,4692,6824,1,-0.775084716,-0.520541792,0,0,0
661,22/10/2012,4,1,10,FALSE,1,TRUE,1,0.4875,0.482942,0.568333,0.0814833,830,6228,7058,1,-1.087838188,-0.23800802,0,0,0
662,23/10/2012,4,1,10,FALSE,2,TRUE,1,0.544167,0.530304,0.641667,0.0945458,841,6625,7466,1,-1.313614324,-0.142013179,0,0,0
663,24/10/2012,4,1,10,FALSE,3,TRUE,1,0.5875,0.558721,0.63625,0.0727792,795,6898,7693,1,-1.486326007,-0.190291021,0,0,0
664,25/10/2012,4,1,10,FALSE,4,TRUE,2,0.55,0.529688,0.800417,0.124375,875,6484,7359,0,-1.247445882,0.965649389,0,0,0
665,26/10/2012,4,1,10,FALSE,5,TRUE,2,0.545833,0.52275,0.807083,0.132467,1182,6262,7444,0,-1.234506446,0.956212011,0,0,0
666,27/10/2012,4,1,10,FALSE,6,FALSE,2,0.53,0.515133,0.72,0.235692,2643,5209,7852,0,-1.013758262,0.456799618,0,0,0
667,28/10/2012,4,1,10,FALSE,0,FALSE,2,0.4775,0.467771,0.694583,0.398008,998,3461,4459,0,-0.138881457,0.617590125,0,0,0
668,29/10/2012,4,1,10,FALSE,1,TRUE,3,0.44,0.4394,0.88,0.3582,2,20,22,0,0.442560679,2.463375271,0,1,1
669,30/10/2012,4,1,10,FALSE,2,TRUE,2,0.318182,0.309909,0.825455,0.213009,87,1009,1096,0,0.402901694,1.794085775,0,0,0
670,31/10/2012,4,1,10,FALSE,3,TRUE,2,0.3575,0.3611,0.666667,0.166667,419,5147,5566,0,-0.335931041,0.864068339,0,0,0
671,1/11/2012,4,1,11,FALSE,4,TRUE,2,0.365833,0.369942,0.581667,0.157346,466,5520,5986,0,-0.454430522,0.632023221,0,0,0
672,2/11/2012,4,1,11,FALSE,5,TRUE,1,0.355,0.356042,0.522083,0.266175,618,5229,5847,1,-0.294941306,-0.397435048,0,0,0
673,3/11/2012,4,1,11,FALSE,6,FALSE,2,0.343333,0.323846,0.49125,0.270529,1029,4109,5138,0,0.018192925,0.251485779,0,0,0
674,4/11/2012,4,1,11,FALSE,0,FALSE,1,0.325833,0.329538,0.532917,0.179108,1201,3906,5107,1,-0.184947838,-0.112011065,0,0,0
675,5/11/2012,4,1,11,FALSE,1,TRUE,1,0.319167,0.308075,0.494167,0.236325,378,4881,5259,1,-0.109993344,-0.288087983,0,0,0
676,6/11/2012,4,1,11,FALSE,2,TRUE,1,0.280833,0.281567,0.567083,0.173513,466,5220,5686,1,-0.195567196,-0.011864578,0,0,0
677,7/11/2012,4,1,11,FALSE,3,TRUE,2,0.295833,0.274621,0.5475,0.304108,326,4709,5035,0,0.167933203,0.491756346,0,0,0
678,8/11/2012,4,1,11,FALSE,4,TRUE,1,0.352174,0.341891,0.333478,0.347835,340,4975,5315,1,0.006012534,-0.995762047,0,0,0
679,9/11/2012,4,1,11,FALSE,5,TRUE,1,0.361667,0.355413,0.540833,0.214558,709,5283,5992,1,-0.408789834,-0.282401892,0,0,0
680,10/11/2012,4,1,11,FALSE,6,FALSE,1,0.389167,0.393937,0.645417,0.0578458,2090,4446,6536,1,-0.817232452,0.122321771,0,0,0
681,11/11/2012,4,1,11,FALSE,0,FALSE,1,0.420833,0.421713,0.659167,0.1275,2290,4562,6852,1,-0.832696239,0.069104145,0,0,0
682,12/11/2012,4,1,11,TRUE,1,FALSE,1,0.485,0.475383,0.741667,0.173517,1097,5172,6269,1,-0.797443254,0.219915326,0,0,0
683,13/11/2012,4,1,11,FALSE,2,TRUE,2,0.343333,0.323225,0.662917,0.342046,327,3767,4094,0,0.157658661,0.846980743,0,0,0
684,14/11/2012,4,1,11,FALSE,3,TRUE,1,0.289167,0.281563,0.552083,0.199625,373,5122,5495,1,-0.139417241,-0.089690344,0,0,0
685,15/11/2012,4,1,11,FALSE,4,TRUE,2,0.321667,0.324492,0.620417,0.152987,320,5125,5445,0,-0.267337508,0.847183186,0,0,0
686,16/11/2012,4,1,11,FALSE,5,TRUE,1,0.345,0.347204,0.524583,0.171025,484,5214,5698,1,-0.392178085,-0.221584044,0,0,0
687,17/11/2012,4,1,11,FALSE,6,FALSE,1,0.325,0.326383,0.545417,0.179729,1313,4316,5629,1,-0.268495866,-0.202830292,0,0,0
688,18/11/2012,4,1,11,FALSE,0,FALSE,1,0.3425,0.337746,0.692917,0.227612,922,3747,4669,0,-0.15578609,0.319516243,0,0,0
689,19/11/2012,4,1,11,FALSE,1,TRUE,2,0.380833,0.375621,0.623333,0.235067,449,5050,5499,0,-0.311332572,0.715969781,0,0,0
690,20/11/2012,4,1,11,FALSE,2,TRUE,2,0.374167,0.380667,0.685,0.082725,534,5100,5634,0,-0.587386717,1.101762419,0,0,0
691,21/11/2012,4,1,11,FALSE,3,TRUE,1,0.353333,0.364892,0.61375,0.103246,615,4531,5146,1,-0.493998818,0.21534058,0,0,0
692,22/11/2012,4,1,11,TRUE,4,FALSE,1,0.34,0.350371,0.580417,0.0528708,955,1470,2425,0,-0.00338637,0.425489612,0,0,0
693,23/11/2012,4,1,11,FALSE,5,TRUE,1,0.368333,0.378779,0.56875,0.148021,1603,2307,3910,1,-0.294669406,0.115385782,0,0,0
694,24/11/2012,4,1,11,FALSE,6,FALSE,1,0.278333,0.248742,0.404583,0.376871,532,1745,2277,2,0.724948514,-0.497582264,0,0,0
695,25/11/2012,4,1,11,FALSE,0,FALSE,1,0.245833,0.257583,0.468333,0.1505,309,2115,2424,2,0.384694005,0.097133333,0,0,0
696,26/11/2012,4,1,11,FALSE,1,TRUE,1,0.313333,0.339004,0.535417,0.04665,337,4750,5087,1,-0.434810812,0.129207128,0,0,0
697,27/11/2012,4,1,11,FALSE,2,TRUE,2,0.291667,0.281558,0.786667,0.237562,123,3836,3959,0,0.109039176,1.419813204,0,0,0
698,28/11/2012,4,1,11,FALSE,3,TRUE,1,0.296667,0.289762,0.50625,0.210821,198,5062,5260,1,-0.097044531,-0.221315737,0,0,0
699,29/11/2012,4,1,11,FALSE,4,TRUE,1,0.28087,0.298422,0.555652,0.115522,243,5080,5323,1,-0.264579619,0.051924767,0,0,0
700,30/11/2012,4,1,11,FALSE,5,TRUE,1,0.298333,0.323867,0.649583,0.0584708,362,5306,5668,0,-0.504635569,0.346185651,0,0,0
701,1/12/2012,4,1,12,FALSE,6,FALSE,2,0.298333,0.316904,0.806667,0.0597042,951,4240,5191,0,-0.415291269,1.575295933,0,0,0
702,2/12/2012,4,1,12,FALSE,0,FALSE,2,0.3475,0.359208,0.823333,0.124379,892,3757,4649,0,-0.37540802,1.618910753,0,0,0
703,3/12/2012,4,1,12,FALSE,1,TRUE,1,0.4525,0.455796,0.7675,0.0827208,555,5679,6234,0,-1.071360769,0.590578295,0,0,0
704,4/12/2012,4,1,12,FALSE,2,TRUE,1,0.475833,0.469054,0.73375,0.174129,551,6055,6606,1,-1.025845044,0.285807177,0,0,0
705,5/12/2012,4,1,12,FALSE,3,TRUE,1,0.438333,0.428012,0.485,0.324021,331,5398,5729,1,-0.462803888,-0.553141216,0,0,0
706,6/12/2012,4,1,12,FALSE,4,TRUE,1,0.255833,0.258204,0.50875,0.174754,340,5035,5375,1,-0.114450759,-0.087585545,0,0,0
707,7/12/2012,4,1,12,FALSE,5,TRUE,2,0.320833,0.321958,0.764167,0.1306,349,4659,5008,0,-0.353660458,1.405214242,0,0,0
708,8/12/2012,4,1,12,FALSE,6,FALSE,2,0.381667,0.389508,0.91125,0.101379,1153,4429,5582,0,-0.684932551,1.711795099,0,0,0
709,9/12/2012,4,1,12,FALSE,0,FALSE,2,0.384167,0.390146,0.905417,0.157975,441,2787,3228,0,-0.273760773,1.935489043,0,0,0
710,10/12/2012,4,1,12,FALSE,1,TRUE,2,0.435833,0.435575,0.925,0.190308,329,4841,5170,0,-0.689991607,1.721537916,0,0,0
711,11/12/2012,4,1,12,FALSE,2,TRUE,2,0.353333,0.338363,0.596667,0.296037,282,5219,5501,0,-0.16429029,0.626323599,0,0,0
712,12/12/2012,4,1,12,FALSE,3,TRUE,2,0.2975,0.297338,0.538333,0.162937,310,5009,5319,0,-0.174250893,0.705372523,0,0,0
713,13/12/2012,4,1,12,FALSE,4,TRUE,1,0.295833,0.294188,0.485833,0.174129,425,5107,5532,1,-0.243414085,-0.201436956,0,0,0
714,14/12/2012,4,1,12,FALSE,5,TRUE,1,0.281667,0.294192,0.642917,0.131229,429,5182,5611,0,-0.365208846,0.307901147,0,0,0
715,15/12/2012,4,1,12,FALSE,6,FALSE,1,0.324167,0.338383,0.650417,0.10635,767,4280,5047,0,-0.418517924,0.341214947,0,0,0
716,16/12/2012,4,1,12,FALSE,0,FALSE,2,0.3625,0.369938,0.83875,0.100742,538,3248,3786,0,-0.343034631,1.78373546,0,0,0
717,17/12/2012,4,1,12,FALSE,1,TRUE,2,0.393333,0.4015,0.907083,0.0982583,212,4373,4585,0,-0.628541388,1.903932222,0,0,0
718,18/12/2012,4,1,12,FALSE,2,TRUE,1,0.410833,0.409708,0.66625,0.221404,433,5124,5557,1,-0.597306717,0.181505986,0,0,0
719,19/12/2012,4,1,12,FALSE,3,TRUE,1,0.3325,0.342162,0.625417,0.184092,333,4934,5267,1,-0.378525109,0.197692205,0,0,0
720,20/12/2012,4,1,12,FALSE,4,TRUE,2,0.33,0.335217,0.667917,0.132463,314,3814,4128,0,-0.227846366,1.219997358,0,0,0
721,21/12/2012,1,1,12,FALSE,5,TRUE,2,0.326667,0.301767,0.556667,0.374383,221,3402,3623,2,0.8997103,0.049832257,0,0,0
722,22/12/2012,1,1,12,FALSE,6,FALSE,1,0.265833,0.236113,0.44125,0.407346,205,1544,1749,2,1.401729063,-0.837898121,0,0,0
723,23/12/2012,1,1,12,FALSE,0,FALSE,1,0.245833,0.259471,0.515417,0.133083,408,1379,1787,2,0.956964255,-0.138971438,0,0,0
724,24/12/2012,1,1,12,FALSE,1,TRUE,2,0.231304,0.2589,0.791304,0.0772304,174,746,920,0,0.927923042,1.585186151,0,0,0
725,25/12/2012,1,1,12,TRUE,2,FALSE,2,0.291304,0.294465,0.734783,0.168726,440,573,1013,0,1.084950011,1.15488427,0,0,0
726,26/12/2012,1,1,12,FALSE,3,TRUE,3,0.243333,0.220333,0.823333,0.316546,9,432,441,0,1.46641979,2.057853936,0,1,1
727,27/12/2012,1,1,12,FALSE,4,TRUE,2,0.254167,0.226642,0.652917,0.350133,247,1867,2114,2,1.253128854,0.604223317,0,0,0
728,28/12/2012,1,1,12,FALSE,5,TRUE,2,0.253333,0.255046,0.59,0.155471,644,2451,3095,2,0.805035904,0.586088065,0,0,0
729,29/12/2012,1,1,12,FALSE,6,FALSE,2,0.253333,0.2424,0.752917,0.124383,159,1182,1341,0,0.990484176,1.253104562,0,0,0
730,30/12/2012,1,1,12,FALSE,0,FALSE,1,0.255833,0.2317,0.483333,0.350754,364,1432,1796,2,1.330970438,-0.557211778,0,0,0
731,31/12/2012,1,1,12,FALSE,1,TRUE,2,0.215833,0.223487,0.5775,0.154846,439,2290,2729,2,0.974478646,0.665724556,0,0,0
,,,,,,,,,0.0591304,,,,,,,,,,,,
,,,,,,,,,0.861667,,,,,,,,,,,,
